model,displacement,cylinders,gears,transmission,mpg,drive,max_ethanol,recommended_fuel,intake_valves_per_cyl,exhaust_valves_per_cyl,New_Naturally Aspirated,New_Turbocharged/Supercharged,New_N,New_Y,New_Direct ignition,New_Multipoint/sequential ignition
0.009345794392523364,0.35714285714285715,0.23076923076923078,0.8888888888888888,1.0,21,1.0,0.0,0.5,1.0,1.0,0.0,1.0,0.0,1.0,1.0,0.0
0.0,0.11428571428571427,0.07692307692307693,0.5555555555555556,1.0,28,0.3333333333333333,0.0,0.5,1.0,1.0,0.0,1.0,0.0,1.0,1.0,0.0
0.045393858477970624,0.6000000000000001,0.5384615384615385,0.6666666666666665,1.0,17,1.0,0.06666666666666668,0.0,1.0,1.0,1.0,0.0,0.0,1.0,1.0,0.0
0.04672897196261682,0.6000000000000001,0.5384615384615385,0.6666666666666665,1.0,18,0.3333333333333333,0.06666666666666668,0.0,1.0,1.0,1.0,0.0,0.0,1.0,1.0,0.0
0.04806408544726302,0.6000000000000001,0.5384615384615385,0.6666666666666665,1.0,17,1.0,0.06666666666666668,0.0,1.0,1.0,1.0,0.0,0.0,1.0,1.0,0.0
0.04939919893190921,0.6000000000000001,0.5384615384615385,0.6666666666666665,1.0,18,0.3333333333333333,0.06666666666666668,0.0,1.0,1.0,1.0,0.0,0.0,1.0,1.0,0.0
0.06942590120160214,0.14285714285714285,0.07692307692307693,0.5555555555555556,1.0,26,1.0,0.06666666666666668,1.0,1.0,1.0,0.0,1.0,0.0,1.0,1.0,0.0
0.14285714285714285,0.2857142857142857,0.23076923076923078,0.6666666666666665,1.0,20,0.3333333333333333,0.0,0.0,1.0,1.0,0.0,1.0,1.0,0.0,1.0,0.0
0.17489986648865152,1.0,1.0,0.6666666666666665,1.0,11,1.0,0.06666666666666668,0.5,1.0,1.0,0.0,1.0,0.0,1.0,0.0,1.0
0.22696929238985314,0.7428571428571429,0.38461538461538464,0.7777777777777777,0.0,18,0.3333333333333333,0.0,0.5,0.0,0.0,1.0,0.0,0.0,1.0,1.0,0.0
0.22696929238985314,0.7428571428571429,0.38461538461538464,0.7777777777777777,0.0,16,0.3333333333333333,0.0,0.5,0.0,0.0,0.0,1.0,0.0,1.0,1.0,0.0
0.22696929238985314,0.7428571428571429,0.38461538461538464,0.6666666666666665,1.0,18,0.3333333333333333,0.0,0.5,0.0,0.0,0.0,1.0,1.0,0.0,1.0,0.0
0.22696929238985314,0.7428571428571429,0.38461538461538464,0.6666666666666665,1.0,19,0.3333333333333333,0.0,0.5,0.0,0.0,1.0,0.0,1.0,0.0,1.0,0.0
0.2817089452603471,0.4142857142857142,0.38461538461538464,0.6666666666666665,1.0,18,0.3333333333333333,0.0,0.5,1.0,1.0,0.0,1.0,1.0,0.0,1.0,0.0
0.2817089452603471,0.4142857142857142,0.38461538461538464,0.6666666666666665,1.0,18,0.3333333333333333,0.0,0.5,1.0,1.0,0.0,1.0,1.0,0.0,1.0,0.0
0.2803738317757009,0.4142857142857142,0.38461538461538464,0.6666666666666665,1.0,18,0.3333333333333333,0.0,0.5,1.0,1.0,0.0,1.0,1.0,0.0,1.0,0.0
0.2803738317757009,0.4142857142857142,0.38461538461538464,0.6666666666666665,1.0,18,0.3333333333333333,0.0,0.5,1.0,1.0,0.0,1.0,1.0,0.0,1.0,0.0
0.28304405874499333,0.7857142857142856,0.6923076923076923,0.6666666666666665,1.0,13,0.3333333333333333,0.0,0.5,1.0,1.0,1.0,0.0,1.0,0.0,1.0,0.0
0.2750333778371161,0.057142857142857134,0.07692307692307693,0.5555555555555556,0.0,29,0.3333333333333333,0.0,0.0,1.0,1.0,0.0,1.0,0.0,1.0,0.0,1.0
0.2750333778371161,0.057142857142857134,0.07692307692307693,0.5555555555555556,1.0,30,0.3333333333333333,0.0,0.0,1.0,1.0,0.0,1.0,1.0,0.0,0.0,1.0
0.3391188251001335,0.35714285714285715,0.23076923076923078,0.6666666666666665,1.0,14,0.3333333333333333,0.06666666666666668,0.5,1.0,1.0,0.0,1.0,0.0,1.0,1.0,0.0
0.46862483311081443,0.14285714285714285,0.07692307692307693,0.7777777777777777,0.0,26,0.3333333333333333,0.06666666666666668,0.0,1.0,1.0,0.0,1.0,0.0,1.0,1.0,0.0
0.46862483311081443,0.2857142857142857,0.23076923076923078,0.7777777777777777,0.0,23,0.3333333333333333,0.06666666666666668,0.0,1.0,1.0,0.0,1.0,0.0,1.0,1.0,0.0
0.4699599465954606,0.2857142857142857,0.23076923076923078,0.5555555555555556,1.0,19,0.3333333333333333,0.06666666666666668,0.0,1.0,1.0,0.0,1.0,1.0,0.0,1.0,0.0
0.4712950600801068,0.14285714285714285,0.07692307692307693,0.7777777777777777,0.0,26,0.3333333333333333,0.06666666666666668,0.0,1.0,1.0,0.0,1.0,0.0,1.0,1.0,0.0
0.4712950600801068,0.2857142857142857,0.23076923076923078,0.7777777777777777,0.0,23,0.3333333333333333,0.06666666666666668,0.0,1.0,1.0,0.0,1.0,0.0,1.0,1.0,0.0
0.472630173564753,0.2857142857142857,0.23076923076923078,0.5555555555555556,1.0,19,0.3333333333333333,0.06666666666666668,0.0,1.0,1.0,0.0,1.0,1.0,0.0,1.0,0.0
0.47396528704939916,0.5714285714285714,0.38461538461538464,0.7777777777777777,0.0,18,1.0,0.06666666666666668,0.0,1.0,1.0,0.0,1.0,0.0,1.0,1.0,0.0
0.4753004005340454,0.5714285714285714,0.38461538461538464,0.7777777777777777,0.0,18,1.0,0.06666666666666668,0.0,1.0,1.0,0.0,1.0,0.0,1.0,1.0,0.0
0.4766355140186916,0.2857142857142857,0.23076923076923078,0.7777777777777777,0.0,21,1.0,0.06666666666666668,0.0,1.0,1.0,0.0,1.0,0.0,1.0,1.0,0.0
0.4779706275033378,0.2857142857142857,0.23076923076923078,0.7777777777777777,0.0,21,1.0,0.06666666666666668,0.0,1.0,1.0,0.0,1.0,0.0,1.0,1.0,0.0
0.47930574098798395,0.2857142857142857,0.23076923076923078,0.7777777777777777,0.0,22,0.3333333333333333,0.06666666666666668,0.0,1.0,1.0,0.0,1.0,0.0,1.0,1.0,0.0
0.48064085447263016,0.2857142857142857,0.23076923076923078,0.5555555555555556,1.0,18,0.3333333333333333,0.06666666666666668,0.0,1.0,1.0,0.0,1.0,1.0,0.0,1.0,0.0
0.4819759679572764,0.2857142857142857,0.23076923076923078,0.7777777777777777,0.0,22,0.3333333333333333,0.06666666666666668,0.0,1.0,1.0,0.0,1.0,0.0,1.0,1.0,0.0
0.48331108144192253,0.2857142857142857,0.23076923076923078,0.5555555555555556,1.0,18,0.3333333333333333,0.06666666666666668,0.0,1.0,1.0,0.0,1.0,1.0,0.0,1.0,0.0
0.5834445927903872,0.7857142857142856,0.6923076923076923,0.6666666666666665,1.0,12,1.0,0.06666666666666668,0.5,1.0,1.0,1.0,0.0,0.0,1.0,0.0,1.0
0.5847797062750334,0.7857142857142856,0.6923076923076923,0.6666666666666665,1.0,12,1.0,0.06666666666666668,0.5,1.0,1.0,1.0,0.0,0.0,1.0,0.0,1.0
0.5861148197596796,0.7857142857142856,0.6923076923076923,0.6666666666666665,1.0,12,1.0,0.06666666666666668,0.5,1.0,1.0,1.0,0.0,0.0,1.0,0.0,1.0
0.5874499332443257,0.7857142857142856,0.6923076923076923,0.6666666666666665,1.0,12,1.0,0.06666666666666668,0.5,1.0,1.0,1.0,0.0,0.0,1.0,0.0,1.0
0.5887850467289719,0.6000000000000001,0.5384615384615385,0.6666666666666665,1.0,16,1.0,0.06666666666666668,0.0,1.0,1.0,1.0,0.0,0.0,1.0,1.0,0.0
0.5901201602136181,0.6000000000000001,0.5384615384615385,0.6666666666666665,1.0,16,0.3333333333333333,0.06666666666666668,0.0,1.0,1.0,1.0,0.0,0.0,1.0,1.0,0.0
0.5914552736982643,0.6000000000000001,0.5384615384615385,0.6666666666666665,1.0,15,1.0,0.06666666666666668,0.0,1.0,1.0,1.0,0.0,0.0,1.0,1.0,0.0
0.5927903871829105,0.6000000000000001,0.5384615384615385,0.6666666666666665,1.0,16,0.3333333333333333,0.06666666666666668,0.0,1.0,1.0,1.0,0.0,0.0,1.0,1.0,0.0
0.6435246995994659,0.14285714285714285,0.07692307692307693,0.5555555555555556,0.0,29,0.3333333333333333,0.0,0.0,1.0,1.0,1.0,0.0,0.0,1.0,1.0,0.0
0.6435246995994659,0.14285714285714285,0.07692307692307693,0.5555555555555556,1.0,29,0.3333333333333333,0.0,0.0,1.0,1.0,1.0,0.0,1.0,0.0,1.0,0.0
0.678237650200267,0.42857142857142855,0.38461538461538464,0.6666666666666665,1.0,18,0.3333333333333333,0.0,0.5,1.0,1.0,0.0,1.0,0.0,1.0,1.0,0.0
0.6795727636849132,0.42857142857142855,0.38461538461538464,0.6666666666666665,1.0,18,0.3333333333333333,0.0,0.5,1.0,1.0,0.0,1.0,0.0,1.0,1.0,0.0
0.6809078771695594,0.42857142857142855,0.38461538461538464,0.6666666666666665,1.0,17,0.3333333333333333,0.0,0.5,1.0,1.0,0.0,1.0,0.0,1.0,1.0,0.0
0.6822429906542056,0.42857142857142855,0.38461538461538464,0.6666666666666665,1.0,17,0.3333333333333333,0.0,0.5,1.0,1.0,0.0,1.0,0.0,1.0,1.0,0.0
0.6835781041388518,0.42857142857142855,0.38461538461538464,0.6666666666666665,1.0,17,0.3333333333333333,0.0,0.5,1.0,1.0,0.0,1.0,0.0,1.0,1.0,0.0
0.684913217623498,0.42857142857142855,0.38461538461538464,0.6666666666666665,1.0,18,0.3333333333333333,0.0,0.5,1.0,1.0,0.0,1.0,0.0,1.0,1.0,0.0
0.6889185580774365,0.6428571428571428,0.38461538461538464,0.6666666666666665,0.0,19,0.3333333333333333,0.0,0.5,1.0,1.0,0.0,1.0,0.0,1.0,1.0,0.0
0.6902536715620827,0.7142857142857142,0.6923076923076923,0.6666666666666665,0.0,16,0.3333333333333333,0.0,0.5,1.0,0.0,0.0,1.0,0.0,1.0,0.0,1.0
0.6915887850467289,0.2857142857142857,0.23076923076923078,0.8888888888888888,0.0,23,0.3333333333333333,0.0,0.5,1.0,1.0,0.0,1.0,0.0,1.0,1.0,0.0
0.739652870493992,0.2857142857142857,0.23076923076923078,0.8888888888888888,0.0,23,0.3333333333333333,0.0,0.5,1.0,1.0,0.0,1.0,0.0,1.0,1.0,0.0
0.7409879839786382,0.5285714285714285,0.38461538461538464,0.8888888888888888,0.0,20,0.3333333333333333,0.0,0.5,1.0,1.0,0.0,1.0,0.0,1.0,1.0,0.0
0.7423230974632844,0.14285714285714285,0.07692307692307693,0.8888888888888888,0.0,27,0.3333333333333333,0.0,0.5,1.0,1.0,0.0,1.0,0.0,1.0,1.0,0.0
0.7757009345794392,0.38571428571428573,0.23076923076923078,0.6666666666666665,0.0,22,0.3333333333333333,0.0,0.5,1.0,1.0,1.0,0.0,0.0,1.0,0.0,1.0
0.7757009345794392,0.38571428571428573,0.23076923076923078,0.5555555555555556,1.0,21,0.3333333333333333,0.0,0.5,1.0,1.0,1.0,0.0,1.0,0.0,0.0,1.0
0.7770360480640854,0.38571428571428573,0.23076923076923078,0.6666666666666665,0.0,21,0.3333333333333333,0.0,0.5,1.0,1.0,1.0,0.0,0.0,1.0,0.0,1.0
0.7770360480640854,0.38571428571428573,0.23076923076923078,0.5555555555555556,1.0,20,0.3333333333333333,0.0,0.5,1.0,1.0,1.0,0.0,1.0,0.0,0.0,1.0
0.8331108144192256,0.42857142857142855,0.23076923076923078,0.6666666666666665,1.0,17,0.3333333333333333,0.0,0.5,1.0,1.0,1.0,0.0,1.0,0.0,1.0,0.0
0.8331108144192256,0.42857142857142855,0.23076923076923078,0.5555555555555556,1.0,16,0.3333333333333333,0.0,0.5,1.0,1.0,1.0,0.0,1.0,0.0,1.0,0.0
0.8451268357810414,0.14285714285714285,0.07692307692307693,0.6666666666666665,1.0,25,0.3333333333333333,0.0,0.5,1.0,1.0,0.0,1.0,1.0,0.0,1.0,0.0
0.8451268357810414,0.14285714285714285,0.07692307692307693,0.5555555555555556,1.0,24,0.3333333333333333,0.0,0.5,1.0,1.0,0.0,1.0,1.0,0.0,1.0,0.0
0.8464619492656875,0.21428571428571425,0.07692307692307693,0.6666666666666665,1.0,22,0.3333333333333333,0.0,0.5,1.0,1.0,0.0,1.0,1.0,0.0,1.0,0.0
0.8464619492656875,0.21428571428571425,0.07692307692307693,0.5555555555555556,1.0,21,0.3333333333333333,0.0,0.5,1.0,1.0,0.0,1.0,1.0,0.0,1.0,0.0
0.8477970627503337,0.21428571428571425,0.07692307692307693,0.6666666666666665,1.0,24,0.3333333333333333,0.0,0.5,1.0,1.0,0.0,1.0,1.0,0.0,1.0,0.0
0.8477970627503337,0.21428571428571425,0.07692307692307693,0.5555555555555556,1.0,22,0.3333333333333333,0.0,0.5,1.0,1.0,0.0,1.0,1.0,0.0,1.0,0.0
0.8571428571428571,0.14285714285714285,0.07692307692307693,0.6666666666666665,1.0,25,0.3333333333333333,0.0,0.5,1.0,1.0,0.0,1.0,1.0,0.0,1.0,0.0
0.8571428571428571,0.14285714285714285,0.07692307692307693,0.5555555555555556,1.0,24,0.3333333333333333,0.0,0.5,1.0,1.0,0.0,1.0,1.0,0.0,1.0,0.0
0.8584779706275033,0.21428571428571425,0.07692307692307693,0.6666666666666665,1.0,22,0.3333333333333333,0.0,0.5,1.0,1.0,0.0,1.0,1.0,0.0,1.0,0.0
0.8584779706275033,0.21428571428571425,0.07692307692307693,0.5555555555555556,1.0,21,0.3333333333333333,0.0,0.5,1.0,1.0,0.0,1.0,1.0,0.0,1.0,0.0
0.8598130841121495,0.21428571428571425,0.07692307692307693,0.6666666666666665,1.0,24,0.3333333333333333,0.0,0.5,1.0,1.0,0.0,1.0,1.0,0.0,1.0,0.0
0.8598130841121495,0.21428571428571425,0.07692307692307693,0.5555555555555556,1.0,22,0.3333333333333333,0.0,0.5,1.0,1.0,0.0,1.0,1.0,0.0,1.0,0.0
0.021361815754339118,0.7142857142857142,0.6923076923076923,0.7777777777777777,0.0,16,0.3333333333333333,0.0,0.0,1.0,1.0,1.0,0.0,0.0,1.0,0.0,1.0
0.2843791722296395,0.4142857142857142,0.38461538461538464,0.6666666666666665,1.0,19,0.3333333333333333,0.0,0.5,1.0,1.0,0.0,1.0,1.0,0.0,1.0,0.0
0.2843791722296395,0.4142857142857142,0.38461538461538464,0.6666666666666665,1.0,18,0.3333333333333333,0.0,0.5,1.0,1.0,0.0,1.0,1.0,0.0,1.0,0.0
0.2857142857142857,0.7571428571428571,0.6923076923076923,0.6666666666666665,1.0,13,0.6666666666666666,0.0,0.5,1.0,1.0,1.0,0.0,1.0,0.0,1.0,0.0
0.2870493991989319,0.4142857142857142,0.38461538461538464,0.6666666666666665,1.0,17,0.3333333333333333,0.0,0.5,1.0,1.0,0.0,1.0,1.0,0.0,1.0,0.0
0.7463284379172229,0.07142857142857142,0.0,0.5555555555555556,0.0,30,0.0,0.0,0.0,1.0,1.0,0.0,1.0,0.0,1.0,1.0,0.0
0.7463284379172229,0.07142857142857142,0.0,0.5555555555555556,1.0,32,0.0,0.0,0.0,1.0,1.0,0.0,1.0,1.0,0.0,1.0,0.0
0.7556742323097463,0.14285714285714285,0.07692307692307693,0.5555555555555556,0.0,28,0.0,0.0,0.0,1.0,1.0,0.0,1.0,0.0,1.0,1.0,0.0
0.7556742323097463,0.14285714285714285,0.07692307692307693,0.5555555555555556,1.0,26,0.0,0.0,0.0,1.0,1.0,0.0,1.0,1.0,0.0,1.0,0.0
0.7650200267022697,0.14285714285714285,0.07692307692307693,0.5555555555555556,0.0,28,0.0,0.0,0.0,1.0,1.0,0.0,1.0,0.0,1.0,1.0,0.0
0.7650200267022697,0.14285714285714285,0.07692307692307693,0.5555555555555556,1.0,25,0.0,0.0,0.0,1.0,1.0,0.0,1.0,1.0,0.0,1.0,0.0
0.8170894526034713,0.2857142857142857,0.23076923076923078,0.6666666666666665,1.0,25,0.3333333333333333,0.0,0.5,1.0,1.0,0.0,1.0,1.0,0.0,1.0,0.0
0.8170894526034713,0.2857142857142857,0.23076923076923078,0.6666666666666665,1.0,23,0.3333333333333333,0.0,0.5,1.0,1.0,0.0,1.0,1.0,0.0,1.0,0.0
0.8184245660881174,0.2857142857142857,0.23076923076923078,0.6666666666666665,1.0,24,0.6666666666666666,0.0,0.5,1.0,1.0,0.0,1.0,1.0,0.0,1.0,0.0
0.8184245660881174,0.2857142857142857,0.23076923076923078,0.6666666666666665,1.0,23,0.6666666666666666,0.0,0.5,1.0,1.0,0.0,1.0,1.0,0.0,1.0,0.0
0.8197596795727636,0.2857142857142857,0.23076923076923078,0.6666666666666665,1.0,24,0.6666666666666666,0.0,0.5,1.0,1.0,0.0,1.0,1.0,0.0,1.0,0.0
0.8197596795727636,0.2857142857142857,0.23076923076923078,0.6666666666666665,1.0,22,0.6666666666666666,0.0,0.5,1.0,1.0,0.0,1.0,1.0,0.0,1.0,0.0
0.8210947930574098,0.2857142857142857,0.23076923076923078,0.6666666666666665,1.0,22,0.6666666666666666,0.0,0.5,1.0,1.0,0.0,1.0,1.0,0.0,1.0,0.0
0.8210947930574098,0.2857142857142857,0.23076923076923078,0.6666666666666665,1.0,21,0.6666666666666666,0.0,0.5,1.0,1.0,0.0,1.0,1.0,0.0,1.0,0.0
0.822429906542056,0.2857142857142857,0.23076923076923078,0.6666666666666665,1.0,22,0.6666666666666666,0.0,0.5,1.0,1.0,0.0,1.0,1.0,0.0,1.0,0.0
0.822429906542056,0.2857142857142857,0.23076923076923078,0.6666666666666665,1.0,21,0.6666666666666666,0.0,0.5,1.0,1.0,0.0,1.0,1.0,0.0,1.0,0.0
0.8237650200267023,0.2857142857142857,0.23076923076923078,0.6666666666666665,1.0,24,0.6666666666666666,0.0,0.5,1.0,1.0,0.0,1.0,1.0,0.0,1.0,0.0
0.8237650200267023,0.2857142857142857,0.23076923076923078,0.6666666666666665,1.0,23,0.6666666666666666,0.0,0.5,1.0,1.0,0.0,1.0,1.0,0.0,1.0,0.0
0.8251001335113485,0.2857142857142857,0.23076923076923078,0.6666666666666665,1.0,24,0.6666666666666666,0.0,0.5,1.0,1.0,0.0,1.0,1.0,0.0,1.0,0.0
0.8251001335113485,0.2857142857142857,0.23076923076923078,0.6666666666666665,1.0,22,0.6666666666666666,0.0,0.5,1.0,1.0,0.0,1.0,1.0,0.0,1.0,0.0
0.8264352469959947,0.2857142857142857,0.23076923076923078,0.6666666666666665,1.0,24,0.3333333333333333,0.0,0.5,1.0,1.0,0.0,1.0,1.0,0.0,1.0,0.0
0.8264352469959947,0.2857142857142857,0.23076923076923078,0.6666666666666665,1.0,23,0.3333333333333333,0.0,0.5,1.0,1.0,0.0,1.0,1.0,0.0,1.0,0.0
0.8277703604806408,0.2857142857142857,0.23076923076923078,0.6666666666666665,1.0,23,0.3333333333333333,0.0,0.5,1.0,1.0,0.0,1.0,1.0,0.0,1.0,0.0
0.8277703604806408,0.2857142857142857,0.23076923076923078,0.6666666666666665,1.0,21,0.3333333333333333,0.0,0.5,1.0,1.0,0.0,1.0,1.0,0.0,1.0,0.0
0.829105473965287,0.2857142857142857,0.23076923076923078,0.6666666666666665,1.0,22,0.3333333333333333,0.0,0.5,1.0,1.0,0.0,1.0,1.0,0.0,1.0,0.0
0.829105473965287,0.2857142857142857,0.23076923076923078,0.6666666666666665,1.0,21,0.3333333333333333,0.0,0.5,1.0,1.0,0.0,1.0,1.0,0.0,1.0,0.0
0.8304405874499332,0.2857142857142857,0.23076923076923078,0.6666666666666665,1.0,24,0.3333333333333333,0.0,0.5,1.0,1.0,0.0,1.0,1.0,0.0,1.0,0.0
0.8304405874499332,0.2857142857142857,0.23076923076923078,0.6666666666666665,1.0,23,0.3333333333333333,0.0,0.5,1.0,1.0,0.0,1.0,1.0,0.0,1.0,0.0
0.8317757009345794,0.2857142857142857,0.23076923076923078,0.6666666666666665,1.0,24,0.3333333333333333,0.0,0.5,1.0,1.0,0.0,1.0,1.0,0.0,1.0,0.0
0.8317757009345794,0.2857142857142857,0.23076923076923078,0.6666666666666665,1.0,23,0.3333333333333333,0.0,0.5,1.0,1.0,0.0,1.0,1.0,0.0,1.0,0.0
0.8344459279038718,0.2857142857142857,0.23076923076923078,0.6666666666666665,1.0,24,0.6666666666666666,0.0,0.5,1.0,1.0,0.0,1.0,1.0,0.0,1.0,0.0
0.8344459279038718,0.2857142857142857,0.23076923076923078,0.6666666666666665,1.0,22,0.6666666666666666,0.0,0.5,1.0,1.0,0.0,1.0,1.0,0.0,1.0,0.0
0.835781041388518,0.2857142857142857,0.23076923076923078,0.6666666666666665,1.0,22,0.6666666666666666,0.0,0.5,1.0,1.0,0.0,1.0,1.0,0.0,1.0,0.0
0.835781041388518,0.2857142857142857,0.23076923076923078,0.6666666666666665,1.0,21,0.6666666666666666,0.0,0.5,1.0,1.0,0.0,1.0,1.0,0.0,1.0,0.0
0.8371161548731642,0.2857142857142857,0.23076923076923078,0.6666666666666665,1.0,24,0.6666666666666666,0.0,0.5,1.0,1.0,0.0,1.0,1.0,0.0,1.0,0.0
0.8371161548731642,0.2857142857142857,0.23076923076923078,0.6666666666666665,1.0,22,0.6666666666666666,0.0,0.5,1.0,1.0,0.0,1.0,1.0,0.0,1.0,0.0
0.8384512683578104,0.39999999999999997,0.23076923076923078,0.6666666666666665,1.0,21,1.0,0.0,0.5,1.0,1.0,0.0,1.0,1.0,0.0,1.0,0.0
0.8397863818424566,0.39999999999999997,0.23076923076923078,0.6666666666666665,1.0,21,1.0,0.0,0.5,1.0,1.0,0.0,1.0,1.0,0.0,1.0,0.0
0.8411214953271028,0.39999999999999997,0.23076923076923078,0.6666666666666665,1.0,21,1.0,0.0,0.5,1.0,1.0,0.0,1.0,1.0,0.0,1.0,0.0
0.842456608811749,0.39999999999999997,0.23076923076923078,0.6666666666666665,1.0,21,1.0,0.0,0.5,1.0,1.0,0.0,1.0,1.0,0.0,1.0,0.0
0.8437917222963952,0.39999999999999997,0.23076923076923078,0.6666666666666665,1.0,19,1.0,0.0,0.5,1.0,1.0,0.0,1.0,1.0,0.0,1.0,0.0
0.8878504672897196,0.14285714285714285,0.07692307692307693,0.5555555555555556,0.0,27,0.3333333333333333,0.0,0.5,1.0,1.0,1.0,0.0,0.0,1.0,1.0,0.0
0.8878504672897196,0.14285714285714285,0.07692307692307693,0.5555555555555556,1.0,24,0.3333333333333333,0.0,0.5,1.0,1.0,1.0,0.0,1.0,0.0,1.0,0.0
0.8891855807743658,0.14285714285714285,0.07692307692307693,0.5555555555555556,1.0,23,0.3333333333333333,0.0,0.5,1.0,1.0,1.0,0.0,1.0,0.0,1.0,0.0
0.020026702269692925,0.7142857142857142,0.6923076923076923,0.7777777777777777,0.0,17,0.3333333333333333,0.0,0.0,1.0,1.0,1.0,0.0,0.0,1.0,0.0,1.0
0.022696929238985312,0.14285714285714285,0.07692307692307693,0.6666666666666665,1.0,29,0.0,0.06666666666666668,1.0,1.0,1.0,0.0,1.0,0.0,1.0,1.0,0.0
0.02403204272363151,0.14285714285714285,0.07692307692307693,0.6666666666666665,1.0,28,0.0,0.06666666666666668,1.0,1.0,1.0,0.0,1.0,0.0,1.0,1.0,0.0
0.025367156208277702,0.14285714285714285,0.07692307692307693,0.5555555555555556,1.0,25,1.0,0.06666666666666668,1.0,1.0,1.0,0.0,1.0,0.0,1.0,1.0,0.0
0.0267022696929239,0.14285714285714285,0.07692307692307693,0.5555555555555556,1.0,27,1.0,0.06666666666666668,1.0,1.0,1.0,0.0,1.0,0.0,1.0,1.0,0.0
0.030707610146862484,0.14285714285714285,0.07692307692307693,0.6666666666666665,1.0,27,1.0,0.06666666666666668,0.0,1.0,1.0,0.0,1.0,0.0,1.0,1.0,0.0
0.03337783711615487,0.14285714285714285,0.07692307692307693,0.6666666666666665,1.0,27,1.0,0.06666666666666668,0.0,1.0,1.0,0.0,1.0,0.0,1.0,1.0,0.0
0.03337783711615487,0.14285714285714285,0.07692307692307693,0.5555555555555556,1.0,27,1.0,0.06666666666666668,0.0,1.0,1.0,0.0,1.0,1.0,0.0,1.0,0.0
0.050734312416555405,0.21428571428571425,0.15384615384615385,0.6666666666666665,1.0,22,1.0,0.06666666666666668,0.0,1.0,1.0,0.0,1.0,0.0,1.0,1.0,0.0
0.0520694259012016,0.2714285714285714,0.23076923076923078,0.7777777777777777,1.0,21,1.0,0.06666666666666668,0.0,1.0,1.0,0.0,1.0,0.0,1.0,1.0,0.0
0.05473965287049399,0.14285714285714285,0.07692307692307693,0.6666666666666665,1.0,25,1.0,0.06666666666666668,0.0,1.0,1.0,0.0,1.0,0.0,1.0,1.0,0.0
0.05740987983978638,0.2857142857142857,0.23076923076923078,0.7777777777777777,1.0,24,1.0,0.06666666666666668,0.0,1.0,1.0,0.0,1.0,0.0,1.0,1.0,0.0
0.05874499332443257,0.2857142857142857,0.23076923076923078,0.7777777777777777,1.0,23,1.0,0.06666666666666668,0.0,1.0,1.0,0.0,1.0,0.0,1.0,1.0,0.0
0.06675567423230974,0.14285714285714285,0.07692307692307693,0.5555555555555556,1.0,26,1.0,0.06666666666666668,1.0,1.0,1.0,0.0,1.0,0.0,1.0,1.0,0.0
0.06809078771695594,0.21428571428571425,0.15384615384615385,0.6666666666666665,1.0,22,1.0,0.06666666666666668,0.0,1.0,1.0,0.0,1.0,0.0,1.0,1.0,0.0
0.07076101468624833,0.14285714285714285,0.07692307692307693,0.5555555555555556,1.0,25,1.0,0.06666666666666668,0.0,1.0,1.0,0.0,1.0,0.0,1.0,1.0,0.0
0.16955941255006676,0.7142857142857142,0.6923076923076923,0.7777777777777777,0.0,14,1.0,0.06666666666666668,0.0,1.0,1.0,0.0,1.0,0.0,1.0,0.0,1.0
0.17089452603471295,0.7142857142857142,0.6923076923076923,0.7777777777777777,0.0,14,1.0,0.06666666666666668,0.0,1.0,1.0,0.0,1.0,0.0,1.0,0.0,1.0
0.07343124165554071,0.14285714285714285,0.07692307692307693,0.7777777777777777,0.0,27,0.3333333333333333,0.0,0.0,1.0,1.0,0.0,1.0,0.0,1.0,1.0,0.0
0.07476635514018691,0.14285714285714285,0.07692307692307693,0.7777777777777777,0.0,28,0.3333333333333333,0.0,0.0,1.0,1.0,0.0,1.0,0.0,1.0,1.0,0.0
0.07476635514018691,0.14285714285714285,0.07692307692307693,0.5555555555555556,1.0,25,0.3333333333333333,0.0,0.0,1.0,1.0,0.0,1.0,1.0,0.0,1.0,0.0
0.07610146862483311,0.14285714285714285,0.07692307692307693,0.7777777777777777,0.0,27,1.0,0.0,0.0,1.0,1.0,0.0,1.0,0.0,1.0,1.0,0.0
0.0774365821094793,0.14285714285714285,0.07692307692307693,0.7777777777777777,0.0,27,1.0,0.0,0.0,1.0,1.0,0.0,1.0,0.0,1.0,1.0,0.0
0.09078771695594125,0.14285714285714285,0.07692307692307693,0.7777777777777777,0.0,27,0.3333333333333333,0.0,0.0,1.0,1.0,0.0,1.0,0.0,1.0,1.0,0.0
0.09479305740987984,0.14285714285714285,0.07692307692307693,0.7777777777777777,0.0,26,1.0,0.0,0.0,1.0,1.0,0.0,1.0,0.0,1.0,1.0,0.0
0.09879839786381842,0.2857142857142857,0.23076923076923078,0.7777777777777777,0.0,24,0.3333333333333333,0.0,0.0,1.0,1.0,0.0,1.0,0.0,1.0,1.0,0.0
0.102803738317757,0.2857142857142857,0.23076923076923078,0.7777777777777777,0.0,23,1.0,0.0,0.0,1.0,1.0,0.0,1.0,0.0,1.0,1.0,0.0
0.11214953271028037,0.2857142857142857,0.23076923076923078,0.7777777777777777,0.0,23,0.3333333333333333,0.0,0.0,1.0,1.0,0.0,1.0,0.0,1.0,1.0,0.0
0.11481975967957277,0.2857142857142857,0.23076923076923078,0.7777777777777777,0.0,22,1.0,0.0,0.0,1.0,1.0,0.0,1.0,0.0,1.0,1.0,0.0
0.11882510013351134,0.4857142857142857,0.38461538461538464,0.7777777777777777,0.0,20,0.3333333333333333,0.0,0.0,1.0,1.0,0.0,1.0,0.0,1.0,1.0,0.0
0.12149532710280374,0.4857142857142857,0.38461538461538464,0.7777777777777777,0.0,19,1.0,0.0,0.0,1.0,1.0,0.0,1.0,0.0,1.0,1.0,0.0
0.1321762349799733,0.2857142857142857,0.23076923076923078,0.6666666666666665,1.0,22,0.3333333333333333,0.0,0.0,1.0,1.0,0.0,1.0,1.0,0.0,1.0,0.0
0.1321762349799733,0.2857142857142857,0.23076923076923078,0.5555555555555556,1.0,21,0.3333333333333333,0.0,0.0,1.0,1.0,0.0,1.0,1.0,0.0,1.0,0.0
0.13351134846461948,0.2857142857142857,0.23076923076923078,0.7777777777777777,0.0,24,0.3333333333333333,0.0,0.0,1.0,1.0,0.0,1.0,0.0,1.0,1.0,0.0
0.13351134846461948,0.2857142857142857,0.23076923076923078,0.5555555555555556,1.0,22,0.3333333333333333,0.0,0.0,1.0,1.0,0.0,1.0,1.0,0.0,1.0,0.0
0.1348464619492657,0.2857142857142857,0.23076923076923078,0.7777777777777777,0.0,24,0.3333333333333333,0.0,0.0,1.0,1.0,0.0,1.0,0.0,1.0,1.0,0.0
0.1348464619492657,0.2857142857142857,0.23076923076923078,0.5555555555555556,1.0,22,0.3333333333333333,0.0,0.0,1.0,1.0,0.0,1.0,1.0,0.0,1.0,0.0
0.13618157543391188,0.2857142857142857,0.23076923076923078,0.7777777777777777,0.0,24,1.0,0.0,0.0,1.0,1.0,0.0,1.0,0.0,1.0,1.0,0.0
0.13751668891855806,0.2857142857142857,0.23076923076923078,0.7777777777777777,0.0,24,1.0,0.0,0.0,1.0,1.0,0.0,1.0,0.0,1.0,1.0,0.0
0.14018691588785046,0.2857142857142857,0.23076923076923078,0.6666666666666665,1.0,19,0.3333333333333333,0.0,0.0,1.0,1.0,0.0,1.0,1.0,0.0,1.0,0.0
0.14018691588785046,0.2857142857142857,0.23076923076923078,0.5555555555555556,1.0,20,0.3333333333333333,0.0,0.5,1.0,1.0,0.0,1.0,1.0,0.0,1.0,0.0
0.14552736982643524,0.4857142857142857,0.38461538461538464,0.6666666666666665,1.0,16,0.3333333333333333,0.0,0.0,1.0,1.0,0.0,1.0,1.0,0.0,1.0,0.0
0.14552736982643524,0.4857142857142857,0.38461538461538464,0.5555555555555556,1.0,17,0.3333333333333333,0.0,0.0,1.0,1.0,0.0,1.0,1.0,0.0,1.0,0.0
0.17623497997329773,0.08571428571428572,0.07692307692307693,0.5555555555555556,0.0,24,0.3333333333333333,0.0,0.5,0.0,0.0,0.0,1.0,0.0,1.0,1.0,0.0
0.22029372496662217,0.14285714285714285,0.07692307692307693,0.7777777777777777,0.0,25,0.3333333333333333,0.0,0.5,1.0,1.0,0.0,1.0,0.0,1.0,1.0,0.0
0.22029372496662217,0.14285714285714285,0.07692307692307693,0.5555555555555556,1.0,23,0.3333333333333333,0.0,0.5,1.0,1.0,0.0,1.0,1.0,0.0,1.0,0.0
0.22029372496662217,0.3714285714285714,0.23076923076923078,0.7777777777777777,0.0,23,0.3333333333333333,0.0,1.0,1.0,1.0,1.0,0.0,0.0,1.0,1.0,0.0
0.22029372496662217,0.3714285714285714,0.23076923076923078,0.5555555555555556,1.0,20,0.3333333333333333,0.0,1.0,1.0,1.0,1.0,0.0,1.0,0.0,1.0,0.0
0.22029372496662217,0.7428571428571429,0.38461538461538464,1.0,0.0,15,0.3333333333333333,0.0,0.5,0.0,0.0,0.0,1.0,0.0,1.0,1.0,0.0
0.22029372496662217,0.7428571428571429,0.38461538461538464,0.7777777777777777,0.0,20,0.3333333333333333,0.0,0.5,0.0,0.0,1.0,0.0,0.0,1.0,1.0,0.0
0.22029372496662217,0.7428571428571429,0.38461538461538464,0.5555555555555556,1.0,16,0.3333333333333333,0.0,0.5,0.0,0.0,0.0,1.0,1.0,0.0,1.0,0.0
0.22029372496662217,0.7428571428571429,0.38461538461538464,0.5555555555555556,1.0,19,0.3333333333333333,0.0,0.5,0.0,0.0,1.0,0.0,1.0,0.0,1.0,0.0
0.24699599465954605,0.057142857142857134,0.07692307692307693,0.0,0.5,33,0.0,0.0,1.0,1.0,1.0,1.0,0.0,0.0,1.0,0.0,1.0
0.24699599465954605,0.057142857142857134,0.07692307692307693,0.4444444444444445,1.0,33,0.0,0.0,1.0,1.0,1.0,1.0,0.0,1.0,0.0,0.0,1.0
0.24833110814419224,0.057142857142857134,0.07692307692307693,0.0,0.5,33,0.0,0.0,1.0,1.0,1.0,1.0,0.0,0.0,1.0,0.0,1.0
0.24833110814419224,0.057142857142857134,0.07692307692307693,0.4444444444444445,1.0,32,0.0,0.0,1.0,1.0,1.0,1.0,0.0,1.0,0.0,0.0,1.0
0.34445927903871826,0.08571428571428572,0.07692307692307693,0.5555555555555556,1.0,31,0.0,0.06666666666666668,1.0,1.0,1.0,1.0,0.0,1.0,0.0,0.0,1.0
0.34445927903871826,0.08571428571428572,0.07692307692307693,0.4444444444444445,1.0,30,0.0,0.06666666666666668,1.0,1.0,1.0,1.0,0.0,1.0,0.0,0.0,1.0
0.34979973297730305,0.18571428571428567,0.07692307692307693,1.0,0.0,25,0.3333333333333333,0.06666666666666668,1.0,1.0,1.0,0.0,1.0,0.0,1.0,1.0,0.0
0.34979973297730305,0.18571428571428567,0.07692307692307693,0.5555555555555556,1.0,25,0.3333333333333333,0.06666666666666668,1.0,1.0,1.0,0.0,1.0,1.0,0.0,1.0,0.0
0.34979973297730305,0.5714285714285714,0.38461538461538464,1.0,0.0,19,0.3333333333333333,0.06666666666666668,1.0,1.0,1.0,1.0,0.0,0.0,1.0,0.0,1.0
0.34979973297730305,0.5714285714285714,0.38461538461538464,0.5555555555555556,1.0,18,0.3333333333333333,0.06666666666666668,1.0,1.0,1.0,1.0,0.0,1.0,0.0,0.0,1.0
0.35113484646194926,0.18571428571428567,0.07692307692307693,1.0,0.0,23,0.3333333333333333,0.06666666666666668,1.0,1.0,1.0,0.0,1.0,0.0,1.0,1.0,0.0
0.35113484646194926,0.18571428571428567,0.07692307692307693,0.5555555555555556,1.0,23,0.3333333333333333,0.06666666666666668,1.0,1.0,1.0,0.0,1.0,1.0,0.0,1.0,0.0
0.35113484646194926,0.5714285714285714,0.38461538461538464,1.0,0.0,18,0.3333333333333333,0.06666666666666668,1.0,1.0,1.0,1.0,0.0,0.0,1.0,0.0,1.0
0.35246995994659547,0.18571428571428567,0.07692307692307693,1.0,0.0,23,0.3333333333333333,0.06666666666666668,1.0,1.0,1.0,0.0,1.0,0.0,1.0,1.0,0.0
0.35246995994659547,0.18571428571428567,0.07692307692307693,0.5555555555555556,1.0,23,0.3333333333333333,0.06666666666666668,1.0,1.0,1.0,0.0,1.0,1.0,0.0,1.0,0.0
0.3538050734312416,0.6000000000000001,0.38461538461538464,0.5555555555555556,1.0,16,0.3333333333333333,0.06666666666666668,0.5,1.0,1.0,1.0,0.0,1.0,0.0,0.0,1.0
0.4485981308411215,0.14285714285714285,0.07692307692307693,0.6666666666666665,0.0,25,0.3333333333333333,0.0,0.5,1.0,1.0,0.0,1.0,0.0,1.0,1.0,0.0
0.4485981308411215,0.2857142857142857,0.23076923076923078,0.6666666666666665,0.0,22,0.3333333333333333,0.06666666666666668,0.5,1.0,1.0,0.0,1.0,0.0,1.0,1.0,0.0
0.4499332443257677,0.14285714285714285,0.07692307692307693,0.6666666666666665,0.0,24,1.0,0.0,0.5,1.0,1.0,0.0,1.0,0.0,1.0,1.0,0.0
0.4499332443257677,0.2857142857142857,0.23076923076923078,0.6666666666666665,0.0,22,1.0,0.06666666666666668,0.5,1.0,1.0,0.0,1.0,0.0,1.0,1.0,0.0
0.45126835781041386,0.2857142857142857,0.23076923076923078,0.6666666666666665,0.0,21,1.0,0.06666666666666668,0.5,1.0,1.0,0.0,1.0,0.0,1.0,1.0,0.0
0.45260347129506007,0.2857142857142857,0.23076923076923078,0.6666666666666665,0.0,22,0.3333333333333333,0.06666666666666668,0.5,1.0,1.0,0.0,1.0,0.0,1.0,1.0,0.0
0.5740987983978638,0.5714285714285714,0.38461538461538464,1.0,0.0,19,0.3333333333333333,0.06666666666666668,0.5,1.0,1.0,1.0,0.0,0.0,1.0,1.0,0.0
0.57543391188251,0.35714285714285715,0.23076923076923078,1.0,0.5,30,0.3333333333333333,0.06666666666666668,0.5,1.0,1.0,1.0,0.0,1.0,0.0,1.0,0.0
0.6181575433911882,0.5285714285714285,0.38461538461538464,0.5555555555555556,0.0,16,0.3333333333333333,0.0,0.5,1.0,1.0,1.0,0.0,0.0,1.0,0.0,1.0
0.6194926568758344,0.5285714285714285,0.38461538461538464,0.5555555555555556,0.0,15,0.3333333333333333,0.0,0.5,1.0,1.0,1.0,0.0,0.0,1.0,0.0,1.0
0.6461949265687583,0.2857142857142857,0.23076923076923078,0.8888888888888888,0.0,22,0.6666666666666666,0.0,0.5,1.0,1.0,0.0,1.0,0.0,1.0,1.0,0.0
0.6475300400534045,0.2857142857142857,0.23076923076923078,0.8888888888888888,0.0,22,0.6666666666666666,0.0,0.5,1.0,1.0,0.0,1.0,0.0,1.0,1.0,0.0
0.650200267022697,0.42857142857142855,0.38461538461538464,0.6666666666666665,0.0,19,0.3333333333333333,0.0,0.5,1.0,1.0,0.0,1.0,0.0,1.0,1.0,0.0
0.651535380507343,0.42857142857142855,0.38461538461538464,0.6666666666666665,0.0,19,0.3333333333333333,0.0,0.5,1.0,1.0,0.0,1.0,0.0,1.0,1.0,0.0
0.6542056074766355,0.42857142857142855,0.38461538461538464,0.6666666666666665,0.0,19,0.3333333333333333,0.0,0.5,1.0,1.0,0.0,1.0,0.0,1.0,1.0,0.0
0.6555407209612817,0.42857142857142855,0.38461538461538464,0.6666666666666665,0.0,19,0.3333333333333333,0.0,0.5,1.0,1.0,0.0,1.0,0.0,1.0,1.0,0.0
0.6955941255006676,0.14285714285714285,0.07692307692307693,0.8888888888888888,0.0,25,0.3333333333333333,0.0,0.5,1.0,1.0,0.0,1.0,0.0,1.0,1.0,0.0
0.6942590120160214,0.14285714285714285,0.07692307692307693,0.8888888888888888,0.0,25,0.3333333333333333,0.0,0.5,1.0,1.0,0.0,1.0,0.0,1.0,1.0,0.0
0.6995994659546061,0.14285714285714285,0.07692307692307693,0.8888888888888888,0.0,25,0.6666666666666666,0.0,0.5,1.0,1.0,0.0,1.0,0.0,1.0,1.0,0.0
0.6982643524699599,0.14285714285714285,0.07692307692307693,0.8888888888888888,0.0,25,0.6666666666666666,0.0,0.5,1.0,1.0,0.0,1.0,0.0,1.0,1.0,0.0
0.7089452603471295,0.2857142857142857,0.23076923076923078,0.8888888888888888,0.0,22,0.3333333333333333,0.0,0.5,1.0,1.0,0.0,1.0,0.0,1.0,1.0,0.0
0.7102803738317757,0.2857142857142857,0.23076923076923078,0.8888888888888888,0.0,22,0.3333333333333333,0.0,0.5,1.0,1.0,0.0,1.0,0.0,1.0,1.0,0.0
0.7129506008010681,0.2857142857142857,0.23076923076923078,0.8888888888888888,0.0,22,0.6666666666666666,0.0,0.5,1.0,1.0,0.0,1.0,0.0,1.0,1.0,0.0
0.7142857142857143,0.2857142857142857,0.23076923076923078,0.8888888888888888,0.0,22,0.6666666666666666,0.0,0.5,1.0,1.0,0.0,1.0,0.0,1.0,1.0,0.0
0.7503337783711616,0.07142857142857142,0.0,0.5555555555555556,0.0,30,0.0,0.0,0.0,1.0,1.0,0.0,1.0,0.0,1.0,1.0,0.0
0.7503337783711616,0.07142857142857142,0.0,0.5555555555555556,1.0,32,0.0,0.0,0.0,1.0,1.0,0.0,1.0,1.0,0.0,1.0,0.0
0.7516688918558078,0.07142857142857142,0.0,0.5555555555555556,0.0,30,0.0,0.0,0.0,1.0,1.0,0.0,1.0,0.0,1.0,1.0,0.0
0.7516688918558078,0.07142857142857142,0.0,0.5555555555555556,1.0,32,0.0,0.0,0.0,1.0,1.0,0.0,1.0,1.0,0.0,1.0,0.0
0.7596795727636849,0.14285714285714285,0.07692307692307693,0.5555555555555556,0.0,28,0.0,0.0,0.0,1.0,1.0,0.0,1.0,0.0,1.0,1.0,0.0
0.7596795727636849,0.14285714285714285,0.07692307692307693,0.5555555555555556,1.0,26,0.0,0.0,0.0,1.0,1.0,0.0,1.0,1.0,0.0,1.0,0.0
0.7610146862483311,0.14285714285714285,0.07692307692307693,0.5555555555555556,0.0,28,0.0,0.0,0.0,1.0,1.0,0.0,1.0,0.0,1.0,1.0,0.0
0.7610146862483311,0.14285714285714285,0.07692307692307693,0.5555555555555556,1.0,26,0.0,0.0,0.0,1.0,1.0,0.0,1.0,1.0,0.0,1.0,0.0
0.7663551401869159,0.14285714285714285,0.07692307692307693,0.5555555555555556,0.0,28,0.0,0.0,0.0,1.0,1.0,0.0,1.0,0.0,1.0,1.0,0.0
0.7663551401869159,0.14285714285714285,0.07692307692307693,0.5555555555555556,1.0,26,0.0,0.0,0.0,1.0,1.0,0.0,1.0,1.0,0.0,1.0,0.0
0.7890520694259012,0.39999999999999997,0.23076923076923078,0.5555555555555556,1.0,18,1.0,0.0,0.5,1.0,1.0,0.0,1.0,0.0,1.0,0.0,1.0
0.9559412550066756,0.07142857142857142,0.07692307692307693,0.5555555555555556,0.0,35,0.0,0.0,1.0,1.0,1.0,1.0,0.0,0.0,1.0,1.0,0.0
0.9559412550066756,0.07142857142857142,0.07692307692307693,0.5555555555555556,1.0,34,0.0,0.0,1.0,1.0,1.0,1.0,0.0,1.0,0.0,1.0,0.0
0.9612817089452603,0.14285714285714285,0.07692307692307693,0.5555555555555556,0.0,29,0.0,0.06666666666666668,1.0,1.0,1.0,0.0,1.0,0.0,1.0,1.0,0.0
0.9639519359145527,0.14285714285714285,0.07692307692307693,0.5555555555555556,0.0,29,0.0,0.06666666666666668,1.0,1.0,1.0,0.0,1.0,0.0,1.0,1.0,0.0
0.0053404539385847796,0.19999999999999996,0.07692307692307693,0.7777777777777777,1.0,29,0.0,0.0,0.0,1.0,1.0,1.0,0.0,0.0,1.0,1.0,0.0
0.014686248331108143,0.35714285714285715,0.23076923076923078,0.8888888888888888,0.0,24,1.0,0.0,0.0,1.0,1.0,1.0,0.0,0.0,1.0,1.0,0.0
0.016021361815754337,0.35714285714285715,0.23076923076923078,0.8888888888888888,0.0,23,1.0,0.0,0.0,1.0,1.0,1.0,0.0,0.0,1.0,1.0,0.0
0.017356475300400534,0.19999999999999996,0.07692307692307693,0.7777777777777777,1.0,27,0.0,0.0,0.0,1.0,1.0,1.0,0.0,0.0,1.0,1.0,0.0
0.017356475300400534,0.35714285714285715,0.23076923076923078,0.8888888888888888,0.0,24,0.0,0.0,0.0,1.0,1.0,1.0,0.0,0.0,1.0,1.0,0.0
0.018691588785046728,0.35714285714285715,0.23076923076923078,0.8888888888888888,0.0,23,0.0,0.0,0.0,1.0,1.0,1.0,0.0,0.0,1.0,1.0,0.0
0.029372496662216287,0.14285714285714285,0.07692307692307693,0.6666666666666665,1.0,27,1.0,0.06666666666666668,0.0,1.0,1.0,0.0,1.0,0.0,1.0,1.0,0.0
0.029372496662216287,0.14285714285714285,0.07692307692307693,0.5555555555555556,1.0,27,1.0,0.06666666666666668,0.0,1.0,1.0,0.0,1.0,1.0,0.0,1.0,0.0
0.028037383177570093,0.14285714285714285,0.07692307692307693,0.6666666666666665,1.0,31,0.0,0.06666666666666668,0.0,1.0,1.0,0.0,1.0,0.0,1.0,1.0,0.0
0.04005340453938585,0.14285714285714285,0.07692307692307693,0.5555555555555556,0.0,23,0.0,0.06666666666666668,0.0,1.0,1.0,0.0,1.0,0.0,1.0,1.0,0.0
0.04138851802403204,0.14285714285714285,0.07692307692307693,0.5555555555555556,0.0,23,1.0,0.06666666666666668,0.0,1.0,1.0,0.0,1.0,0.0,1.0,1.0,0.0
0.056074766355140186,0.2857142857142857,0.23076923076923078,0.7777777777777777,1.0,24,1.0,0.06666666666666668,0.0,1.0,1.0,0.0,1.0,0.0,1.0,1.0,0.0
0.0787716955941255,0.14285714285714285,0.07692307692307693,0.7777777777777777,0.0,28,0.3333333333333333,0.0,0.0,1.0,1.0,0.0,1.0,0.0,1.0,1.0,0.0
0.0787716955941255,0.14285714285714285,0.07692307692307693,0.5555555555555556,1.0,27,0.3333333333333333,0.0,0.0,1.0,1.0,0.0,1.0,1.0,0.0,1.0,0.0
0.0801068090787717,0.14285714285714285,0.07692307692307693,0.7777777777777777,0.0,27,1.0,0.0,0.0,1.0,1.0,0.0,1.0,0.0,1.0,1.0,0.0
0.08144192256341788,0.14285714285714285,0.07692307692307693,0.7777777777777777,0.0,27,0.3333333333333333,0.0,0.0,1.0,1.0,0.0,1.0,0.0,1.0,1.0,0.0
0.08144192256341788,0.14285714285714285,0.07692307692307693,0.5555555555555556,1.0,25,0.3333333333333333,0.0,0.0,1.0,1.0,0.0,1.0,1.0,0.0,1.0,0.0
0.08277703604806408,0.14285714285714285,0.07692307692307693,0.7777777777777777,0.0,27,1.0,0.0,0.0,1.0,1.0,0.0,1.0,0.0,1.0,1.0,0.0
0.08678237650200267,0.2857142857142857,0.23076923076923078,0.7777777777777777,0.0,25,0.3333333333333333,0.0,0.0,1.0,1.0,0.0,1.0,0.0,1.0,1.0,0.0
0.08678237650200267,0.2857142857142857,0.23076923076923078,0.5555555555555556,1.0,23,0.3333333333333333,0.0,0.0,1.0,1.0,0.0,1.0,1.0,0.0,1.0,0.0
0.08811748998664887,0.2857142857142857,0.23076923076923078,0.7777777777777777,0.0,25,1.0,0.0,0.0,1.0,1.0,0.0,1.0,0.0,1.0,1.0,0.0
0.08811748998664887,0.2857142857142857,0.23076923076923078,0.5555555555555556,1.0,23,1.0,0.0,0.0,1.0,1.0,0.0,1.0,1.0,0.0,1.0,0.0
0.09212283044058744,0.14285714285714285,0.07692307692307693,0.7777777777777777,0.0,27,0.3333333333333333,0.0,0.0,1.0,1.0,0.0,1.0,0.0,1.0,1.0,0.0
0.09212283044058744,0.14285714285714285,0.07692307692307693,0.5555555555555556,1.0,25,0.3333333333333333,0.0,0.0,1.0,1.0,0.0,1.0,1.0,0.0,1.0,0.0
0.09345794392523364,0.14285714285714285,0.07692307692307693,0.7777777777777777,0.0,27,0.3333333333333333,0.0,0.0,1.0,1.0,0.0,1.0,0.0,1.0,1.0,0.0
0.09612817089452604,0.14285714285714285,0.07692307692307693,0.7777777777777777,0.0,27,1.0,0.0,0.0,1.0,1.0,0.0,1.0,0.0,1.0,1.0,0.0
0.09746328437917223,0.14285714285714285,0.07692307692307693,0.7777777777777777,0.0,27,1.0,0.0,0.0,1.0,1.0,0.0,1.0,0.0,1.0,1.0,0.0
0.10013351134846461,0.2857142857142857,0.23076923076923078,0.7777777777777777,0.0,25,0.3333333333333333,0.0,0.0,1.0,1.0,0.0,1.0,0.0,1.0,1.0,0.0
0.10013351134846461,0.2857142857142857,0.23076923076923078,0.5555555555555556,1.0,23,0.3333333333333333,0.0,0.0,1.0,1.0,0.0,1.0,1.0,0.0,1.0,0.0
0.10146862483311081,0.2857142857142857,0.23076923076923078,0.7777777777777777,0.0,25,0.3333333333333333,0.0,0.0,1.0,1.0,0.0,1.0,0.0,1.0,1.0,0.0
0.1041388518024032,0.2857142857142857,0.23076923076923078,0.7777777777777777,0.0,25,1.0,0.0,0.0,1.0,1.0,0.0,1.0,0.0,1.0,1.0,0.0
0.1041388518024032,0.2857142857142857,0.23076923076923078,0.5555555555555556,1.0,23,1.0,0.0,0.0,1.0,1.0,0.0,1.0,1.0,0.0,1.0,0.0
0.1054739652870494,0.2857142857142857,0.23076923076923078,0.7777777777777777,0.0,25,1.0,0.0,0.0,1.0,1.0,0.0,1.0,0.0,1.0,1.0,0.0
0.11348464619492657,0.2857142857142857,0.23076923076923078,0.7777777777777777,0.0,23,0.3333333333333333,0.0,0.0,1.0,1.0,0.0,1.0,0.0,1.0,1.0,0.0
0.11615487316421895,0.2857142857142857,0.23076923076923078,0.7777777777777777,0.0,22,1.0,0.0,0.0,1.0,1.0,0.0,1.0,0.0,1.0,1.0,0.0
0.12016021361815754,0.4857142857142857,0.38461538461538464,0.7777777777777777,0.0,20,0.3333333333333333,0.0,0.0,1.0,1.0,0.0,1.0,0.0,1.0,1.0,0.0
0.12283044058744993,0.4857142857142857,0.38461538461538464,0.7777777777777777,0.0,19,1.0,0.0,0.0,1.0,1.0,0.0,1.0,0.0,1.0,1.0,0.0
0.1295060080106809,0.4857142857142857,0.38461538461538464,0.7777777777777777,0.0,19,1.0,0.0,0.0,1.0,1.0,0.0,1.0,0.0,1.0,1.0,0.0
0.13885180240320427,0.2857142857142857,0.23076923076923078,0.6666666666666665,1.0,20,0.3333333333333333,0.0,0.0,1.0,1.0,0.0,1.0,1.0,0.0,1.0,0.0
0.13885180240320427,0.2857142857142857,0.23076923076923078,0.5555555555555556,1.0,20,0.3333333333333333,0.0,0.5,1.0,1.0,0.0,1.0,1.0,0.0,1.0,0.0
0.14152202937249667,0.2857142857142857,0.23076923076923078,0.6666666666666665,1.0,20,0.3333333333333333,0.0,0.0,1.0,1.0,0.0,1.0,1.0,0.0,1.0,0.0
0.14152202937249667,0.2857142857142857,0.23076923076923078,0.5555555555555556,1.0,20,0.3333333333333333,0.0,0.5,1.0,1.0,0.0,1.0,1.0,0.0,1.0,0.0
0.14686248331108143,0.4857142857142857,0.38461538461538464,0.6666666666666665,1.0,16,0.3333333333333333,0.0,0.0,1.0,1.0,0.0,1.0,1.0,0.0,1.0,0.0
0.14686248331108143,0.4857142857142857,0.38461538461538464,0.5555555555555556,1.0,17,0.3333333333333333,0.0,0.0,1.0,1.0,0.0,1.0,1.0,0.0,1.0,0.0
0.19359145527369825,0.14285714285714285,0.07692307692307693,0.7777777777777777,0.0,25,0.3333333333333333,0.0,0.5,1.0,1.0,0.0,1.0,0.0,1.0,1.0,0.0
0.19359145527369825,0.14285714285714285,0.07692307692307693,0.5555555555555556,1.0,23,0.3333333333333333,0.0,0.5,1.0,1.0,0.0,1.0,1.0,0.0,1.0,0.0
0.19359145527369825,0.3714285714285714,0.23076923076923078,0.7777777777777777,0.0,24,0.3333333333333333,0.0,1.0,1.0,1.0,1.0,0.0,0.0,1.0,1.0,0.0
0.19492656875834447,0.14285714285714285,0.07692307692307693,0.7777777777777777,0.0,25,1.0,0.0,0.5,1.0,1.0,0.0,1.0,0.0,1.0,1.0,0.0
0.19492656875834447,0.3714285714285714,0.23076923076923078,0.7777777777777777,0.0,22,1.0,0.0,1.0,1.0,1.0,1.0,0.0,0.0,1.0,1.0,0.0
0.19626168224299065,0.3714285714285714,0.23076923076923078,0.7777777777777777,0.0,20,0.3333333333333333,0.0,0.5,1.0,1.0,0.0,1.0,0.0,1.0,1.0,0.0
0.19626168224299065,0.3714285714285714,0.23076923076923078,0.5555555555555556,1.0,19,0.3333333333333333,0.0,0.5,1.0,1.0,0.0,1.0,1.0,0.0,1.0,0.0
0.22830440587449932,0.057142857142857134,0.07692307692307693,0.5555555555555556,0.0,33,0.0,0.0,1.0,1.0,1.0,0.0,1.0,0.0,1.0,1.0,0.0
0.22830440587449932,0.057142857142857134,0.07692307692307693,0.5555555555555556,1.0,32,0.0,0.0,1.0,1.0,1.0,0.0,1.0,1.0,0.0,1.0,0.0
0.23097463284379172,0.057142857142857134,0.07692307692307693,0.5555555555555556,0.0,33,0.0,0.0,1.0,1.0,1.0,0.0,1.0,0.0,1.0,1.0,0.0
0.24432576769025366,0.057142857142857134,0.07692307692307693,0.5555555555555556,0.0,30,0.0,0.0,1.0,1.0,1.0,0.0,1.0,0.0,1.0,0.0,1.0
0.24432576769025366,0.057142857142857134,0.07692307692307693,0.5555555555555556,1.0,32,0.0,0.0,1.0,1.0,1.0,0.0,1.0,1.0,0.0,0.0,1.0
0.24432576769025366,0.11428571428571427,0.07692307692307693,0.5555555555555556,0.0,28,0.0,0.0,1.0,1.0,1.0,1.0,0.0,0.0,1.0,0.0,1.0
0.24432576769025366,0.11428571428571427,0.07692307692307693,0.4444444444444445,1.0,29,0.0,0.0,1.0,1.0,1.0,1.0,0.0,1.0,0.0,0.0,1.0
0.34579439252336447,0.08571428571428572,0.07692307692307693,0.5555555555555556,1.0,29,0.0,0.06666666666666668,1.0,1.0,1.0,0.0,1.0,1.0,0.0,1.0,0.0
0.3364485981308411,0.0,0.0,0.5555555555555556,0.0,31,0.0,0.06666666666666668,1.0,1.0,1.0,0.0,1.0,0.0,1.0,1.0,0.0
0.3364485981308411,0.0,0.0,0.5555555555555556,1.0,34,0.0,0.06666666666666668,1.0,1.0,1.0,0.0,1.0,1.0,0.0,1.0,0.0
0.3364485981308411,0.14285714285714285,0.07692307692307693,0.5555555555555556,1.0,31,0.0,0.06666666666666668,1.0,1.0,1.0,1.0,0.0,1.0,0.0,1.0,0.0
0.3364485981308411,0.14285714285714285,0.07692307692307693,0.5555555555555556,1.0,28,0.0,0.06666666666666668,1.0,1.0,1.0,1.0,0.0,1.0,0.0,1.0,0.0
0.3364485981308411,0.14285714285714285,0.07692307692307693,0.4444444444444445,1.0,28,0.0,0.06666666666666668,1.0,1.0,1.0,1.0,0.0,1.0,0.0,1.0,0.0
0.42323097463284376,0.07142857142857142,0.07692307692307693,0.0,0.5,35,0.0,0.0,1.0,1.0,1.0,0.0,1.0,0.0,1.0,1.0,0.0
0.42323097463284376,0.07142857142857142,0.07692307692307693,0.5555555555555556,1.0,35,0.0,0.0,1.0,1.0,1.0,0.0,1.0,1.0,0.0,1.0,0.0
0.42323097463284376,0.07142857142857142,0.07692307692307693,0.5555555555555556,1.0,32,0.0,0.0,0.0,1.0,1.0,0.0,1.0,1.0,0.0,1.0,0.0
0.42323097463284376,0.14285714285714285,0.07692307692307693,0.0,0.5,34,0.0,0.0,1.0,1.0,1.0,1.0,0.0,0.0,1.0,0.0,1.0
0.42323097463284376,0.14285714285714285,0.07692307692307693,0.5555555555555556,1.0,32,0.0,0.0,1.0,1.0,1.0,1.0,0.0,1.0,0.0,0.0,1.0
0.3965287049399199,0.08571428571428572,0.07692307692307693,0.5555555555555556,0.0,32,0.0,0.06666666666666668,1.0,1.0,1.0,1.0,0.0,0.0,1.0,1.0,0.0
0.3965287049399199,0.08571428571428572,0.07692307692307693,0.5555555555555556,1.0,31,0.0,0.06666666666666668,1.0,1.0,1.0,1.0,0.0,1.0,0.0,1.0,0.0
0.4445927903871829,0.35714285714285715,0.23076923076923078,0.6666666666666665,0.0,29,0.3333333333333333,0.0,0.5,1.0,1.0,1.0,0.0,0.0,1.0,0.0,1.0
0.44592790387182907,0.35714285714285715,0.23076923076923078,0.6666666666666665,0.0,28,1.0,0.0,0.5,1.0,1.0,1.0,0.0,0.0,1.0,0.0,1.0
0.45794392523364486,0.14285714285714285,0.07692307692307693,0.6666666666666665,1.0,27,0.0,0.0,0.5,1.0,1.0,0.0,1.0,0.0,1.0,1.0,0.0
0.45927903871829107,0.14285714285714285,0.07692307692307693,0.6666666666666665,1.0,25,1.0,0.0,0.5,1.0,1.0,0.0,1.0,0.0,1.0,1.0,0.0
0.4873164218958611,0.14285714285714285,0.07692307692307693,0.7777777777777777,0.0,28,0.3333333333333333,0.06666666666666668,0.0,1.0,1.0,0.0,1.0,0.0,1.0,1.0,0.0
0.4873164218958611,0.2857142857142857,0.23076923076923078,0.7777777777777777,0.0,24,0.3333333333333333,0.06666666666666668,0.0,1.0,1.0,0.0,1.0,0.0,1.0,1.0,0.0
0.4886515353805073,0.14285714285714285,0.07692307692307693,0.7777777777777777,0.0,27,0.3333333333333333,0.06666666666666668,0.0,1.0,1.0,0.0,1.0,0.0,1.0,1.0,0.0
0.48998664886515353,0.14285714285714285,0.07692307692307693,0.7777777777777777,0.0,28,1.0,0.06666666666666668,0.0,1.0,1.0,0.0,1.0,0.0,1.0,1.0,0.0
0.48998664886515353,0.2857142857142857,0.23076923076923078,0.7777777777777777,0.0,23,1.0,0.06666666666666668,0.0,1.0,1.0,0.0,1.0,0.0,1.0,1.0,0.0
0.49132176234979974,0.14285714285714285,0.07692307692307693,0.7777777777777777,0.0,25,1.0,0.06666666666666668,0.0,1.0,1.0,0.0,1.0,0.0,1.0,1.0,0.0
0.5367156208277704,0.08571428571428572,0.07692307692307693,0.5555555555555556,0.0,32,0.0,0.06666666666666668,1.0,1.0,1.0,1.0,0.0,0.0,1.0,1.0,0.0
0.5367156208277704,0.08571428571428572,0.07692307692307693,0.5555555555555556,1.0,32,0.0,0.06666666666666668,1.0,1.0,1.0,1.0,0.0,1.0,0.0,1.0,0.0
0.5660881174899867,0.5714285714285714,0.38461538461538464,0.7777777777777777,0.0,19,0.3333333333333333,0.06666666666666668,0.5,1.0,1.0,1.0,0.0,0.0,1.0,1.0,0.0
0.568758344459279,0.14285714285714285,0.07692307692307693,0.7777777777777777,0.0,26,0.3333333333333333,0.06666666666666668,0.5,1.0,1.0,0.0,1.0,0.0,1.0,1.0,0.0
0.5700934579439252,0.35714285714285715,0.23076923076923078,0.5555555555555556,0.0,22,1.0,0.06666666666666668,0.5,1.0,1.0,1.0,0.0,0.0,1.0,1.0,0.0
0.5714285714285714,0.35714285714285715,0.23076923076923078,0.7777777777777777,0.0,23,0.3333333333333333,0.06666666666666668,0.5,1.0,1.0,1.0,0.0,0.0,1.0,1.0,0.0
0.5727636849132176,0.35714285714285715,0.23076923076923078,0.5555555555555556,0.0,22,1.0,0.06666666666666668,0.5,1.0,1.0,1.0,0.0,0.0,1.0,1.0,0.0
0.6315086782376502,0.14285714285714285,0.07692307692307693,0.5555555555555556,0.0,31,0.0,0.0,1.0,1.0,1.0,1.0,0.0,0.0,1.0,1.0,0.0
0.6328437917222963,0.14285714285714285,0.07692307692307693,0.5555555555555556,0.0,29,0.6666666666666666,0.0,1.0,1.0,1.0,1.0,0.0,0.0,1.0,1.0,0.0
0.6395193591455274,0.07142857142857142,0.07692307692307693,0.5555555555555556,0.0,35,0.0,0.0,1.0,1.0,1.0,1.0,0.0,0.0,1.0,1.0,0.0
0.6395193591455274,0.07142857142857142,0.07692307692307693,0.5555555555555556,1.0,34,0.0,0.0,1.0,1.0,1.0,1.0,0.0,1.0,0.0,1.0,0.0
0.6408544726301736,0.14285714285714285,0.07692307692307693,0.5555555555555556,0.0,31,0.0,0.0,1.0,1.0,1.0,1.0,0.0,0.0,1.0,1.0,0.0
0.6408544726301736,0.14285714285714285,0.07692307692307693,0.5555555555555556,1.0,31,0.0,0.0,1.0,1.0,1.0,1.0,0.0,1.0,0.0,1.0,0.0
0.6408544726301736,0.21428571428571425,0.07692307692307693,0.5555555555555556,0.0,30,0.0,0.0,1.0,1.0,1.0,1.0,0.0,0.0,1.0,1.0,0.0
0.6448598130841121,0.2857142857142857,0.23076923076923078,0.8888888888888888,0.0,23,0.6666666666666666,0.0,0.5,1.0,1.0,0.0,1.0,0.0,1.0,1.0,0.0
0.6488651535380507,0.42857142857142855,0.38461538461538464,0.6666666666666665,0.0,20,0.3333333333333333,0.0,0.5,1.0,1.0,0.0,1.0,0.0,1.0,1.0,0.0
0.6528704939919893,0.42857142857142855,0.38461538461538464,0.6666666666666665,0.0,20,0.3333333333333333,0.0,0.5,1.0,1.0,0.0,1.0,0.0,1.0,1.0,0.0
0.6568758344459279,0.14285714285714285,0.07692307692307693,0.6666666666666665,1.0,26,0.6666666666666666,0.0,0.5,1.0,1.0,0.0,1.0,0.0,1.0,1.0,0.0
0.6582109479305741,0.6428571428571428,0.38461538461538464,0.6666666666666665,0.0,18,0.6666666666666666,0.0,0.5,1.0,1.0,0.0,1.0,0.0,1.0,1.0,0.0
0.6929238985313751,0.14285714285714285,0.07692307692307693,0.8888888888888888,0.0,27,0.3333333333333333,0.0,0.5,1.0,1.0,0.0,1.0,0.0,1.0,1.0,0.0
0.6969292389853138,0.14285714285714285,0.07692307692307693,0.8888888888888888,0.0,26,0.6666666666666666,0.0,0.5,1.0,1.0,0.0,1.0,0.0,1.0,1.0,0.0
0.7009345794392523,0.14285714285714285,0.07692307692307693,0.6666666666666665,1.0,29,0.0,0.0,0.5,1.0,1.0,0.0,1.0,0.0,1.0,1.0,0.0
0.7022696929238985,0.14285714285714285,0.07692307692307693,0.6666666666666665,1.0,27,0.6666666666666666,0.0,0.5,1.0,1.0,0.0,1.0,0.0,1.0,1.0,0.0
0.7022696929238985,0.14285714285714285,0.07692307692307693,0.6666666666666665,1.0,27,0.6666666666666666,1.0,0.5,1.0,1.0,0.0,1.0,0.0,1.0,1.0,0.0
0.7036048064085447,0.5285714285714285,0.38461538461538464,0.8888888888888888,0.0,21,0.3333333333333333,0.0,0.5,1.0,1.0,0.0,1.0,0.0,1.0,1.0,0.0
0.7049399198931909,0.5285714285714285,0.38461538461538464,0.8888888888888888,0.0,20,0.6666666666666666,0.0,0.5,1.0,1.0,0.0,1.0,0.0,1.0,1.0,0.0
0.7676902536715621,0.028571428571428553,0.0,0.0,0.5,39,0.0,0.0,1.0,1.0,1.0,1.0,0.0,0.0,1.0,0.0,1.0
0.7676902536715621,0.028571428571428553,0.0,0.4444444444444445,1.0,36,0.0,0.0,1.0,1.0,1.0,1.0,0.0,1.0,0.0,0.0,1.0
0.7690253671562083,0.028571428571428553,0.0,0.0,0.5,37,0.0,0.0,1.0,1.0,1.0,1.0,0.0,0.0,1.0,0.0,1.0
0.7690253671562083,0.028571428571428553,0.0,0.4444444444444445,1.0,35,0.0,0.0,1.0,1.0,1.0,1.0,0.0,1.0,0.0,0.0,1.0
0.8157543391188251,0.08571428571428572,0.07692307692307693,0.3333333333333333,0.0,29,0.0,0.0,1.0,1.0,1.0,1.0,0.0,0.0,1.0,0.0,1.0
0.8157543391188251,0.08571428571428572,0.07692307692307693,0.0,0.5,34,0.0,0.0,1.0,1.0,1.0,1.0,0.0,0.0,1.0,0.0,1.0
0.8157543391188251,0.08571428571428572,0.07692307692307693,0.4444444444444445,1.0,30,0.0,0.0,1.0,1.0,1.0,1.0,0.0,1.0,0.0,0.0,1.0
0.8798397863818425,0.7999999999999998,0.6923076923076923,0.7777777777777777,0.0,14,0.3333333333333333,0.0,0.0,1.0,1.0,0.0,1.0,0.0,1.0,1.0,0.0
0.9012016021361815,0.14285714285714285,0.07692307692307693,0.7777777777777777,0.5,21,1.0,0.0,0.0,1.0,1.0,0.0,1.0,0.0,1.0,1.0,0.0
0.9012016021361815,0.14285714285714285,0.07692307692307693,0.5555555555555556,1.0,23,1.0,0.0,0.0,1.0,1.0,0.0,1.0,1.0,0.0,1.0,0.0
0.9012016021361815,0.21428571428571425,0.07692307692307693,0.5555555555555556,1.0,19,1.0,0.0,0.5,1.0,1.0,0.0,1.0,1.0,0.0,0.0,1.0
0.9025367156208277,0.21428571428571425,0.07692307692307693,0.5555555555555556,1.0,18,1.0,0.0,0.5,1.0,1.0,0.0,1.0,1.0,0.0,0.0,1.0
0.9092122830440588,0.14285714285714285,0.07692307692307693,0.6666666666666665,0.5,29,0.0,0.06666666666666668,1.0,1.0,1.0,1.0,0.0,0.0,1.0,0.0,1.0
0.931909212283044,0.07142857142857142,0.07692307692307693,0.0,0.5,46,0.0,0.06666666666666668,1.0,1.0,1.0,1.0,0.0,1.0,0.0,0.0,1.0
0.9546061415220294,0.07142857142857142,0.07692307692307693,0.3333333333333333,0.0,32,0.0,0.06666666666666668,1.0,1.0,1.0,1.0,0.0,0.0,1.0,0.0,1.0
0.9546061415220294,0.07142857142857142,0.07692307692307693,0.4444444444444445,1.0,33,0.0,0.06666666666666668,1.0,1.0,1.0,1.0,0.0,1.0,0.0,0.0,1.0
0.9599465954606141,0.14285714285714285,0.07692307692307693,0.5555555555555556,0.0,29,0.0,0.06666666666666668,1.0,1.0,1.0,0.0,1.0,0.0,1.0,1.0,0.0
0.9626168224299065,0.14285714285714285,0.07692307692307693,0.5555555555555556,0.0,29,0.0,0.06666666666666668,1.0,1.0,1.0,0.0,1.0,0.0,1.0,1.0,0.0
0.9679572763684913,0.14285714285714285,0.07692307692307693,0.6666666666666665,1.0,25,1.0,0.06666666666666668,0.0,1.0,1.0,0.0,1.0,0.0,1.0,1.0,0.0
0.9679572763684913,0.14285714285714285,0.07692307692307693,0.5555555555555556,1.0,24,1.0,0.06666666666666668,0.0,1.0,1.0,0.0,1.0,1.0,0.0,1.0,0.0
0.965287049399199,0.14285714285714285,0.07692307692307693,0.5555555555555556,1.0,27,0.0,0.06666666666666668,1.0,1.0,1.0,0.0,1.0,0.0,1.0,1.0,0.0
0.965287049399199,0.14285714285714285,0.07692307692307693,0.5555555555555556,1.0,28,0.0,0.06666666666666668,1.0,1.0,1.0,0.0,1.0,1.0,0.0,1.0,0.0
0.9692923898531375,0.057142857142857134,0.07692307692307693,0.5555555555555556,0.0,32,0.0,0.06666666666666668,1.0,1.0,1.0,0.0,1.0,0.0,1.0,1.0,0.0
0.9692923898531375,0.057142857142857134,0.07692307692307693,0.4444444444444445,1.0,33,0.0,0.06666666666666668,1.0,1.0,1.0,0.0,1.0,1.0,0.0,1.0,0.0
0.9692923898531375,0.11428571428571427,0.07692307692307693,0.5555555555555556,0.0,28,0.0,0.06666666666666668,1.0,1.0,1.0,0.0,1.0,0.0,1.0,1.0,0.0
0.9692923898531375,0.14285714285714285,0.07692307692307693,0.5555555555555556,1.0,27,0.0,0.06666666666666668,1.0,1.0,1.0,0.0,1.0,0.0,1.0,1.0,0.0
0.9773030707610146,0.14285714285714285,0.07692307692307693,0.7777777777777777,0.0,26,1.0,0.0,1.0,1.0,1.0,0.0,1.0,0.0,1.0,1.0,0.0
0.9773030707610146,0.14285714285714285,0.07692307692307693,0.7777777777777777,0.0,26,1.0,0.0,0.5,1.0,1.0,0.0,1.0,0.0,1.0,1.0,0.0
0.9786381842456608,0.14285714285714285,0.07692307692307693,0.7777777777777777,0.0,25,1.0,0.0,1.0,1.0,1.0,0.0,1.0,0.0,1.0,1.0,0.0
0.9799732977303071,0.14285714285714285,0.07692307692307693,0.7777777777777777,0.0,29,0.0,0.0,1.0,1.0,1.0,0.0,1.0,0.0,1.0,1.0,0.0
0.9813084112149533,0.14285714285714285,0.07692307692307693,0.7777777777777777,0.0,26,1.0,0.0,1.0,1.0,1.0,0.0,1.0,0.0,1.0,1.0,0.0
0.9826435246995995,0.14285714285714285,0.07692307692307693,0.7777777777777777,0.0,29,0.0,0.0,1.0,1.0,1.0,0.0,1.0,0.0,1.0,1.0,0.0
0.9839786381842456,0.14285714285714285,0.07692307692307693,0.7777777777777777,0.0,22,1.0,0.0,0.5,1.0,1.0,0.0,1.0,0.0,1.0,1.0,0.0
0.01335113484646195,0.35714285714285715,0.23076923076923078,0.6666666666666665,1.0,28,1.0,0.0,0.0,1.0,1.0,1.0,0.0,0.0,1.0,1.0,0.0
0.01335113484646195,0.35714285714285715,0.23076923076923078,1.0,0.0,23,0.0,0.0,0.0,1.0,1.0,1.0,0.0,0.0,1.0,1.0,0.0
0.0013351134846461949,0.14285714285714285,0.07692307692307693,0.7777777777777777,0.0,27,0.3333333333333333,0.0,0.0,1.0,1.0,0.0,1.0,0.0,1.0,1.0,0.0
0.0013351134846461949,0.2714285714285714,0.23076923076923078,0.7777777777777777,0.0,20,0.3333333333333333,0.0,0.0,1.0,1.0,0.0,1.0,0.0,1.0,1.0,0.0
0.0026702269692923898,0.14285714285714285,0.07692307692307693,0.7777777777777777,0.0,26,1.0,0.0,0.0,1.0,1.0,0.0,1.0,0.0,1.0,1.0,0.0
0.032042723631508674,0.14285714285714285,0.07692307692307693,0.6666666666666665,1.0,27,1.0,0.06666666666666668,0.0,1.0,1.0,0.0,1.0,0.0,1.0,1.0,0.0
0.03471295060080107,0.14285714285714285,0.07692307692307693,0.6666666666666665,1.0,28,0.0,0.06666666666666668,0.0,1.0,1.0,0.0,1.0,0.0,1.0,1.0,0.0
0.036048064085447265,0.14285714285714285,0.07692307692307693,0.7777777777777777,0.0,26,1.0,0.06666666666666668,0.0,1.0,1.0,0.0,1.0,0.0,1.0,1.0,0.0
0.036048064085447265,0.2857142857142857,0.23076923076923078,0.7777777777777777,0.0,23,1.0,0.06666666666666668,0.0,1.0,1.0,0.0,1.0,0.0,1.0,1.0,0.0
0.037383177570093455,0.2857142857142857,0.23076923076923078,0.7777777777777777,0.0,23,1.0,0.06666666666666668,0.0,1.0,1.0,0.0,1.0,0.0,1.0,1.0,0.0
0.0534045393858478,0.42857142857142855,0.38461538461538464,0.7777777777777777,0.0,17,1.0,0.06666666666666668,0.0,1.0,1.0,0.0,1.0,0.0,1.0,1.0,0.0
0.06008010680907877,0.2857142857142857,0.23076923076923078,0.7777777777777777,1.0,24,1.0,0.06666666666666668,0.0,1.0,1.0,0.0,1.0,0.0,1.0,1.0,0.0
0.06141522029372497,0.42857142857142855,0.38461538461538464,0.6666666666666665,1.0,18,1.0,0.06666666666666668,0.0,1.0,1.0,0.0,1.0,0.0,1.0,1.0,0.0
0.06275033377837116,0.42857142857142855,0.38461538461538464,0.6666666666666665,1.0,18,1.0,0.06666666666666668,0.0,1.0,1.0,0.0,1.0,0.0,1.0,1.0,0.0
0.06408544726301735,0.42857142857142855,0.38461538461538464,0.7777777777777777,0.0,18,1.0,0.06666666666666668,0.0,1.0,1.0,0.0,1.0,0.0,1.0,1.0,0.0
0.17222963951935913,0.42857142857142855,0.38461538461538464,0.7777777777777777,0.0,16,1.0,0.06666666666666668,0.0,1.0,1.0,0.0,1.0,0.0,1.0,1.0,0.0
0.17222963951935913,0.7142857142857142,0.6923076923076923,0.7777777777777777,0.0,14,1.0,0.06666666666666668,0.0,1.0,1.0,0.0,1.0,0.0,1.0,0.0,1.0
0.17356475300400534,0.8285714285714285,0.38461538461538464,0.7777777777777777,0.0,14,0.3333333333333333,0.06666666666666668,0.0,0.0,0.0,0.0,1.0,0.0,1.0,0.0,1.0
0.1068090787716956,0.14285714285714285,0.07692307692307693,0.7777777777777777,0.0,27,0.3333333333333333,0.0,0.0,1.0,1.0,0.0,1.0,0.0,1.0,1.0,0.0
0.10814419225634178,0.14285714285714285,0.07692307692307693,0.7777777777777777,0.0,27,1.0,0.0,0.0,1.0,1.0,0.0,1.0,0.0,1.0,1.0,0.0
0.10947930574098798,0.2857142857142857,0.23076923076923078,0.7777777777777777,0.0,24,0.3333333333333333,0.0,0.0,1.0,1.0,0.0,1.0,0.0,1.0,1.0,0.0
0.11081441922563418,0.2857142857142857,0.23076923076923078,0.7777777777777777,0.0,23,1.0,0.0,0.0,1.0,1.0,0.0,1.0,0.0,1.0,1.0,0.0
0.14419225634178906,0.4857142857142857,0.38461538461538464,0.7777777777777777,0.0,19,1.0,0.0,0.0,1.0,1.0,0.0,1.0,0.0,1.0,1.0,0.0
0.1855807743658211,0.21428571428571425,0.07692307692307693,0.5555555555555556,0.0,29,0.0,0.0,1.0,1.0,1.0,1.0,0.0,0.0,1.0,1.0,0.0
0.1855807743658211,0.3714285714285714,0.23076923076923078,0.8888888888888888,0.0,24,0.0,0.0,1.0,1.0,1.0,1.0,0.0,0.0,1.0,1.0,0.0
0.18691588785046728,0.3714285714285714,0.23076923076923078,0.8888888888888888,0.0,23,1.0,0.0,1.0,1.0,1.0,1.0,0.0,0.0,1.0,1.0,0.0
0.20026702269692923,0.14285714285714285,0.07692307692307693,0.7777777777777777,0.0,25,0.3333333333333333,0.0,0.5,1.0,1.0,0.0,1.0,0.0,1.0,1.0,0.0
0.20026702269692923,0.3714285714285714,0.23076923076923078,0.7777777777777777,0.0,24,0.3333333333333333,0.0,1.0,1.0,1.0,1.0,0.0,0.0,1.0,1.0,0.0
0.20026702269692923,0.3714285714285714,0.23076923076923078,0.7777777777777777,0.0,19,0.3333333333333333,0.0,0.5,1.0,1.0,0.0,1.0,0.0,1.0,1.0,0.0
0.20160213618157544,0.14285714285714285,0.07692307692307693,0.7777777777777777,0.0,24,1.0,0.0,0.5,1.0,1.0,0.0,1.0,0.0,1.0,1.0,0.0
0.20160213618157544,0.3714285714285714,0.23076923076923078,0.7777777777777777,0.0,22,1.0,0.0,1.0,1.0,1.0,1.0,0.0,0.0,1.0,1.0,0.0
0.20293724966622162,0.7428571428571429,0.38461538461538464,0.7777777777777777,0.0,17,0.3333333333333333,0.0,0.5,0.0,0.0,0.0,1.0,0.0,1.0,1.0,0.0
0.22963951935914553,0.057142857142857134,0.07692307692307693,0.5555555555555556,0.0,32,0.0,0.0,1.0,1.0,1.0,0.0,1.0,0.0,1.0,1.0,0.0
0.22963951935914553,0.057142857142857134,0.07692307692307693,0.5555555555555556,1.0,31,0.0,0.0,1.0,1.0,1.0,0.0,1.0,1.0,0.0,1.0,0.0
0.2323097463284379,0.057142857142857134,0.07692307692307693,0.5555555555555556,0.0,31,0.0,0.0,1.0,1.0,1.0,0.0,1.0,0.0,1.0,1.0,0.0
0.24299065420560748,0.07142857142857142,0.07692307692307693,0.5555555555555556,0.0,30,0.0,0.0,1.0,1.0,1.0,0.0,1.0,0.0,1.0,1.0,0.0
0.24299065420560748,0.11428571428571427,0.07692307692307693,0.0,0.5,46,0.0,0.0,1.0,1.0,1.0,1.0,0.0,0.0,1.0,1.0,0.0
0.24299065420560748,0.14285714285714285,0.07692307692307693,0.8888888888888888,0.0,26,0.0,0.0,0.5,1.0,1.0,0.0,1.0,0.0,1.0,1.0,0.0
0.2590120160213618,0.3714285714285714,0.23076923076923078,0.7777777777777777,0.0,23,0.3333333333333333,0.0,1.0,1.0,1.0,1.0,0.0,0.0,1.0,0.0,1.0
0.2590120160213618,0.6714285714285715,0.38461538461538464,0.7777777777777777,0.0,19,0.3333333333333333,0.0,1.0,0.0,0.0,1.0,0.0,0.0,1.0,0.0,1.0
0.2590120160213618,0.6714285714285715,0.38461538461538464,0.5555555555555556,1.0,18,0.3333333333333333,0.0,0.5,0.0,0.0,1.0,0.0,1.0,0.0,0.0,1.0
0.2590120160213618,0.7714285714285714,0.38461538461538464,0.7777777777777777,0.0,18,0.3333333333333333,0.0,0.5,0.0,0.0,1.0,0.0,0.0,1.0,0.0,1.0
0.2590120160213618,0.7714285714285714,0.38461538461538464,0.5555555555555556,1.0,17,0.3333333333333333,0.0,0.5,0.0,0.0,1.0,0.0,1.0,0.0,0.0,1.0
0.260347129506008,0.3714285714285714,0.23076923076923078,0.7777777777777777,0.0,21,1.0,0.0,1.0,1.0,1.0,1.0,0.0,0.0,1.0,0.0,1.0
0.2616822429906542,0.7428571428571429,0.38461538461538464,0.7777777777777777,0.0,16,0.3333333333333333,0.0,0.5,0.0,0.0,0.0,1.0,0.0,1.0,0.0,1.0
0.2616822429906542,0.7428571428571429,0.38461538461538464,0.5555555555555556,1.0,16,0.3333333333333333,0.0,0.5,0.0,0.0,0.0,1.0,1.0,0.0,0.0,1.0
0.2616822429906542,0.7714285714285714,0.38461538461538464,0.7777777777777777,0.0,18,0.3333333333333333,0.0,0.5,0.0,0.0,1.0,0.0,0.0,1.0,0.0,1.0
0.2616822429906542,0.7714285714285714,0.38461538461538464,0.5555555555555556,1.0,17,0.3333333333333333,0.0,0.5,0.0,0.0,1.0,0.0,1.0,0.0,0.0,1.0
0.3377837116154873,0.18571428571428567,0.07692307692307693,0.5555555555555556,1.0,22,1.0,0.06666666666666668,0.5,1.0,1.0,0.0,1.0,1.0,0.0,1.0,0.0
0.3484646194926569,0.14285714285714285,0.07692307692307693,0.5555555555555556,1.0,25,0.0,0.06666666666666668,1.0,1.0,1.0,0.0,1.0,1.0,0.0,1.0,0.0
0.3404539385847797,0.14285714285714285,0.07692307692307693,0.5555555555555556,0.0,23,1.0,0.06666666666666668,1.0,1.0,1.0,0.0,1.0,0.0,1.0,1.0,0.0
0.3404539385847797,0.24285714285714288,0.23076923076923078,0.5555555555555556,0.0,20,1.0,0.06666666666666668,1.0,1.0,1.0,0.0,1.0,0.0,1.0,1.0,0.0
0.3417890520694259,0.07142857142857142,0.07692307692307693,0.5555555555555556,0.0,27,0.0,0.06666666666666668,1.0,1.0,1.0,0.0,1.0,0.0,1.0,1.0,0.0
0.3417890520694259,0.14285714285714285,0.07692307692307693,0.5555555555555556,0.0,25,0.0,0.06666666666666668,1.0,1.0,1.0,0.0,1.0,0.0,1.0,1.0,0.0
0.3417890520694259,0.21428571428571425,0.07692307692307693,0.5555555555555556,0.0,25,0.0,0.06666666666666668,1.0,1.0,1.0,1.0,0.0,0.0,1.0,0.0,1.0
0.3431241655540721,0.14285714285714285,0.07692307692307693,0.0,0.5,42,0.0,0.06666666666666668,1.0,1.0,1.0,1.0,0.0,1.0,0.0,0.0,1.0
0.4218958611481976,0.14285714285714285,0.07692307692307693,1.0,0.0,26,0.0,0.0,1.0,1.0,1.0,0.0,1.0,0.0,1.0,1.0,0.0
0.42456608811748997,0.07142857142857142,0.07692307692307693,0.0,0.5,36,0.0,0.0,1.0,1.0,1.0,0.0,1.0,0.0,1.0,1.0,0.0
0.42456608811748997,0.07142857142857142,0.07692307692307693,0.5555555555555556,1.0,35,0.0,0.0,1.0,1.0,1.0,0.0,1.0,1.0,0.0,1.0,0.0
0.42456608811748997,0.07142857142857142,0.07692307692307693,0.5555555555555556,1.0,32,0.0,0.0,0.0,1.0,1.0,0.0,1.0,1.0,0.0,1.0,0.0
0.42456608811748997,0.14285714285714285,0.07692307692307693,0.0,0.5,34,0.0,0.0,1.0,1.0,1.0,1.0,0.0,0.0,1.0,0.0,1.0
0.42456608811748997,0.14285714285714285,0.07692307692307693,0.5555555555555556,1.0,32,0.0,0.0,1.0,1.0,1.0,1.0,0.0,1.0,0.0,0.0,1.0
0.3978638184245661,0.057142857142857134,0.07692307692307693,0.6666666666666665,1.0,35,0.0,0.06666666666666668,1.0,1.0,1.0,0.0,1.0,1.0,0.0,1.0,0.0
0.3978638184245661,0.08571428571428572,0.07692307692307693,0.6666666666666665,1.0,29,0.0,0.06666666666666668,1.0,1.0,1.0,0.0,1.0,1.0,0.0,1.0,0.0
0.3978638184245661,0.08571428571428572,0.07692307692307693,0.5555555555555556,1.0,25,0.0,0.06666666666666668,1.0,1.0,1.0,0.0,1.0,1.0,0.0,1.0,0.0
0.3978638184245661,0.14285714285714285,0.07692307692307693,0.5555555555555556,0.0,32,0.0,0.06666666666666668,1.0,1.0,1.0,1.0,0.0,0.0,1.0,0.0,1.0
0.3978638184245661,0.14285714285714285,0.07692307692307693,0.5555555555555556,1.0,29,0.0,0.06666666666666668,1.0,1.0,1.0,1.0,0.0,1.0,0.0,0.0,1.0
0.40053404539385845,0.14285714285714285,0.07692307692307693,0.5555555555555556,0.0,33,0.0,0.06666666666666668,1.0,1.0,1.0,1.0,0.0,0.0,1.0,0.0,1.0
0.44058744993324434,0.14285714285714285,0.07692307692307693,0.6666666666666665,0.0,25,0.3333333333333333,0.0,0.5,1.0,1.0,0.0,1.0,0.0,1.0,1.0,0.0
0.44058744993324434,0.2857142857142857,0.23076923076923078,0.6666666666666665,0.0,23,0.3333333333333333,0.0,0.5,1.0,1.0,0.0,1.0,0.0,1.0,1.0,0.0
0.4419225634178905,0.14285714285714285,0.07692307692307693,0.6666666666666665,0.0,24,1.0,0.0,0.5,1.0,1.0,0.0,1.0,0.0,1.0,1.0,0.0
0.4419225634178905,0.2857142857142857,0.23076923076923078,0.6666666666666665,0.0,22,1.0,0.0,0.5,1.0,1.0,0.0,1.0,0.0,1.0,1.0,0.0
0.4432576769025367,0.2857142857142857,0.23076923076923078,0.6666666666666665,0.0,22,1.0,0.0,0.5,1.0,1.0,0.0,1.0,0.0,1.0,1.0,0.0
0.4472630173564753,0.2857142857142857,0.23076923076923078,0.6666666666666665,0.0,22,0.3333333333333333,0.0,0.5,1.0,1.0,0.0,1.0,0.0,1.0,1.0,0.0
0.4539385847797063,0.38571428571428573,0.23076923076923078,0.6666666666666665,0.0,21,0.3333333333333333,0.0,0.5,1.0,1.0,1.0,0.0,0.0,1.0,0.0,1.0
0.4539385847797063,0.657142857142857,0.38461538461538464,0.6666666666666665,0.0,19,0.3333333333333333,0.0,0.5,1.0,1.0,1.0,0.0,0.0,1.0,1.0,0.0
0.45527369826435243,0.38571428571428573,0.23076923076923078,0.6666666666666665,0.0,20,1.0,0.0,0.5,1.0,1.0,1.0,0.0,0.0,1.0,0.0,1.0
0.45527369826435243,0.657142857142857,0.38461538461538464,0.6666666666666665,0.0,18,1.0,0.0,0.5,1.0,1.0,1.0,0.0,0.0,1.0,1.0,0.0
0.45660881174899864,0.35714285714285715,0.23076923076923078,0.6666666666666665,0.0,30,0.3333333333333333,0.0,0.5,1.0,1.0,1.0,0.0,0.0,1.0,0.0,1.0
0.4926568758344459,0.14285714285714285,0.07692307692307693,0.7777777777777777,0.0,28,0.3333333333333333,0.06666666666666668,0.0,1.0,1.0,0.0,1.0,0.0,1.0,1.0,0.0
0.4926568758344459,0.2857142857142857,0.23076923076923078,0.7777777777777777,0.0,23,0.3333333333333333,0.06666666666666668,0.0,1.0,1.0,0.0,1.0,0.0,1.0,1.0,0.0
0.4939919893190921,0.14285714285714285,0.07692307692307693,0.7777777777777777,0.0,27,1.0,0.06666666666666668,0.0,1.0,1.0,0.0,1.0,0.0,1.0,1.0,0.0
0.4939919893190921,0.2857142857142857,0.23076923076923078,0.7777777777777777,0.0,23,1.0,0.06666666666666668,0.0,1.0,1.0,0.0,1.0,0.0,1.0,1.0,0.0
0.4953271028037383,0.14285714285714285,0.07692307692307693,0.7777777777777777,0.0,25,1.0,0.06666666666666668,0.0,1.0,1.0,0.0,1.0,0.0,1.0,1.0,0.0
0.5246995994659546,0.14285714285714285,0.07692307692307693,0.5555555555555556,0.0,32,0.0,0.06666666666666668,1.0,1.0,1.0,1.0,0.0,0.0,1.0,0.0,1.0
0.5246995994659546,0.14285714285714285,0.07692307692307693,0.5555555555555556,0.0,28,0.0,0.06666666666666668,1.0,1.0,1.0,1.0,0.0,0.0,1.0,1.0,0.0
0.5246995994659546,0.14285714285714285,0.07692307692307693,0.5555555555555556,1.0,28,0.0,0.06666666666666668,1.0,1.0,1.0,1.0,0.0,1.0,0.0,0.0,1.0
0.5353805073431241,0.14285714285714285,0.07692307692307693,0.5555555555555556,1.0,42,0.0,0.06666666666666668,1.0,1.0,1.0,1.0,0.0,1.0,0.0,1.0,0.0
0.5527369826435247,0.14285714285714285,0.07692307692307693,0.7777777777777777,0.0,24,1.0,0.06666666666666668,0.0,1.0,1.0,0.0,1.0,0.0,1.0,1.0,0.0
0.5527369826435247,0.3285714285714285,0.23076923076923078,0.7777777777777777,0.0,21,1.0,0.06666666666666668,0.0,1.0,1.0,0.0,1.0,0.0,1.0,1.0,0.0
0.5540720961281709,0.14285714285714285,0.07692307692307693,0.7777777777777777,0.0,25,0.3333333333333333,0.06666666666666668,0.0,1.0,1.0,0.0,1.0,0.0,1.0,1.0,0.0
0.5540720961281709,0.3285714285714285,0.23076923076923078,0.7777777777777777,0.0,21,0.3333333333333333,0.06666666666666668,0.0,1.0,1.0,0.0,1.0,0.0,1.0,1.0,0.0
0.5554072096128171,0.21428571428571425,0.07692307692307693,0.5555555555555556,0.5,40,0.0,0.06666666666666668,1.0,1.0,1.0,1.0,0.0,1.0,0.0,0.0,1.0
0.5567423230974633,0.35714285714285715,0.23076923076923078,0.5555555555555556,0.0,24,0.0,0.06666666666666668,1.0,1.0,1.0,1.0,0.0,0.0,1.0,0.0,1.0
0.5580774365821095,0.14285714285714285,0.07692307692307693,0.7777777777777777,0.0,26,0.3333333333333333,0.06666666666666668,0.5,1.0,1.0,0.0,1.0,0.0,1.0,1.0,0.0
0.5594125500667556,0.14285714285714285,0.07692307692307693,0.7777777777777777,0.0,24,0.3333333333333333,0.06666666666666668,0.5,1.0,1.0,0.0,1.0,0.0,1.0,1.0,0.0
0.5607476635514018,0.35714285714285715,0.23076923076923078,0.7777777777777777,0.0,23,0.3333333333333333,0.06666666666666668,0.5,1.0,1.0,1.0,0.0,0.0,1.0,1.0,0.0
0.562082777036048,0.35714285714285715,0.23076923076923078,0.5555555555555556,0.0,22,1.0,0.06666666666666668,0.5,1.0,1.0,1.0,0.0,0.0,1.0,1.0,0.0
0.5634178905206942,0.35714285714285715,0.23076923076923078,0.7777777777777777,0.0,22,0.3333333333333333,0.06666666666666668,0.5,1.0,1.0,1.0,0.0,0.0,1.0,1.0,0.0
0.5647530040053405,0.35714285714285715,0.23076923076923078,0.7777777777777777,0.5,31,0.3333333333333333,0.06666666666666668,0.5,1.0,1.0,1.0,0.0,1.0,0.0,1.0,0.0
0.6101468624833111,0.14285714285714285,0.07692307692307693,0.5555555555555556,0.0,23,1.0,0.06666666666666668,1.0,1.0,1.0,0.0,1.0,0.0,1.0,1.0,0.0
0.6101468624833111,0.2857142857142857,0.23076923076923078,0.5555555555555556,0.0,20,1.0,0.06666666666666668,1.0,1.0,1.0,0.0,1.0,0.0,1.0,1.0,0.0
0.6114819759679573,0.14285714285714285,0.07692307692307693,0.5555555555555556,0.0,24,0.0,0.06666666666666668,1.0,1.0,1.0,0.0,1.0,0.0,1.0,1.0,0.0
0.6114819759679573,0.2857142857142857,0.23076923076923078,0.5555555555555556,0.0,21,0.0,0.06666666666666668,1.0,1.0,1.0,0.0,1.0,0.0,1.0,1.0,0.0
0.6128170894526035,0.14285714285714285,0.07692307692307693,0.0,0.5,40,0.0,0.06666666666666668,1.0,1.0,1.0,1.0,0.0,1.0,0.0,0.0,1.0
0.6208277703604806,0.2857142857142857,0.23076923076923078,0.7777777777777777,0.0,19,0.3333333333333333,0.0,0.5,1.0,1.0,0.0,1.0,0.0,1.0,1.0,0.0
0.6221628838451269,0.2857142857142857,0.23076923076923078,0.7777777777777777,0.0,19,0.3333333333333333,0.0,0.5,1.0,1.0,0.0,1.0,0.0,1.0,1.0,0.0
0.6234979973297731,0.2857142857142857,0.23076923076923078,0.7777777777777777,0.0,19,1.0,0.0,0.5,1.0,1.0,0.0,1.0,0.0,1.0,1.0,0.0
0.6421895861148197,0.14285714285714285,0.07692307692307693,0.5555555555555556,0.0,32,0.0,0.0,1.0,1.0,1.0,1.0,0.0,0.0,1.0,1.0,0.0
0.6421895861148197,0.14285714285714285,0.07692307692307693,0.5555555555555556,1.0,31,0.0,0.0,1.0,1.0,1.0,1.0,0.0,1.0,0.0,1.0,0.0
0.6421895861148197,0.21428571428571425,0.07692307692307693,0.5555555555555556,0.0,30,0.0,0.0,1.0,1.0,1.0,1.0,0.0,0.0,1.0,1.0,0.0
0.6595460614152203,0.2857142857142857,0.23076923076923078,0.8888888888888888,0.0,21,0.6666666666666666,0.0,0.5,1.0,1.0,0.0,1.0,0.0,1.0,1.0,0.0
0.6608811748998664,0.42857142857142855,0.38461538461538464,0.8888888888888888,0.0,18,0.6666666666666666,0.0,0.5,1.0,1.0,0.0,1.0,0.0,1.0,1.0,0.0
0.7062750333778371,0.14285714285714285,0.07692307692307693,0.8888888888888888,0.0,25,0.3333333333333333,0.0,0.5,1.0,1.0,0.0,1.0,0.0,1.0,1.0,0.0
0.7076101468624832,0.14285714285714285,0.07692307692307693,0.8888888888888888,0.0,24,0.6666666666666666,0.0,0.5,1.0,1.0,0.0,1.0,0.0,1.0,1.0,0.0
0.7116154873164219,0.2857142857142857,0.23076923076923078,0.8888888888888888,0.0,23,0.6666666666666666,0.0,0.5,1.0,1.0,0.0,1.0,0.0,1.0,1.0,0.0
0.7436582109479305,0.07142857142857142,0.0,0.5555555555555556,0.0,27,0.0,0.0,0.0,1.0,1.0,0.0,1.0,0.0,1.0,1.0,0.0
0.7436582109479305,0.07142857142857142,0.0,0.5555555555555556,1.0,28,0.0,0.0,0.0,1.0,1.0,0.0,1.0,1.0,0.0,1.0,0.0
0.7449933244325767,0.07142857142857142,0.0,0.7777777777777777,0.0,26,1.0,0.0,0.0,1.0,1.0,0.0,1.0,0.0,1.0,1.0,0.0
0.7449933244325767,0.07142857142857142,0.0,0.5555555555555556,1.0,26,1.0,0.0,0.0,1.0,1.0,0.0,1.0,1.0,0.0,1.0,0.0
0.7476635514018691,0.07142857142857142,0.0,0.5555555555555556,0.0,27,0.0,0.0,0.0,1.0,1.0,0.0,1.0,0.0,1.0,1.0,0.0
0.7476635514018691,0.07142857142857142,0.0,0.5555555555555556,1.0,28,0.0,0.0,0.0,1.0,1.0,0.0,1.0,1.0,0.0,1.0,0.0
0.7489986648865153,0.07142857142857142,0.0,0.7777777777777777,0.0,25,1.0,0.0,0.0,1.0,1.0,0.0,1.0,0.0,1.0,1.0,0.0
0.7489986648865153,0.07142857142857142,0.0,0.5555555555555556,1.0,26,1.0,0.0,0.0,1.0,1.0,0.0,1.0,1.0,0.0,1.0,0.0
0.7530040053404539,0.14285714285714285,0.07692307692307693,0.7777777777777777,0.0,27,0.0,0.0,0.0,1.0,1.0,0.0,1.0,0.0,1.0,1.0,0.0
0.7530040053404539,0.14285714285714285,0.07692307692307693,0.5555555555555556,1.0,25,0.0,0.0,0.0,1.0,1.0,0.0,1.0,1.0,0.0,1.0,0.0
0.7543391188251001,0.14285714285714285,0.07692307692307693,0.7777777777777777,0.0,26,1.0,0.0,0.0,1.0,1.0,0.0,1.0,0.0,1.0,1.0,0.0
0.7543391188251001,0.14285714285714285,0.07692307692307693,0.5555555555555556,1.0,24,1.0,0.0,0.0,1.0,1.0,0.0,1.0,1.0,0.0,1.0,0.0
0.7570093457943925,0.14285714285714285,0.07692307692307693,0.7777777777777777,0.0,27,0.0,0.0,0.0,1.0,1.0,0.0,1.0,0.0,1.0,1.0,0.0
0.7583444592790387,0.14285714285714285,0.07692307692307693,0.7777777777777777,0.0,26,1.0,0.0,0.0,1.0,1.0,0.0,1.0,0.0,1.0,1.0,0.0
0.7583444592790387,0.14285714285714285,0.07692307692307693,0.5555555555555556,1.0,24,1.0,0.0,0.0,1.0,1.0,0.0,1.0,1.0,0.0,1.0,0.0
0.7623497997329772,0.14285714285714285,0.07692307692307693,0.7777777777777777,0.0,25,1.0,0.0,0.0,1.0,1.0,0.0,1.0,0.0,1.0,1.0,0.0
0.7623497997329772,0.14285714285714285,0.07692307692307693,0.5555555555555556,1.0,24,1.0,0.0,0.0,1.0,1.0,0.0,1.0,1.0,0.0,1.0,0.0
0.7636849132176234,0.14285714285714285,0.07692307692307693,0.7777777777777777,0.0,26,1.0,0.0,0.0,1.0,1.0,0.0,1.0,0.0,1.0,1.0,0.0
0.7636849132176234,0.14285714285714285,0.07692307692307693,0.5555555555555556,1.0,24,1.0,0.0,0.0,1.0,1.0,0.0,1.0,1.0,0.0,1.0,0.0
0.7783711615487316,0.21428571428571425,0.07692307692307693,0.0,0.5,31,0.0,0.06666666666666668,1.0,1.0,1.0,1.0,0.0,0.0,1.0,0.0,1.0
0.7783711615487316,0.35714285714285715,0.23076923076923078,0.6666666666666665,0.5,26,0.0,0.0,1.0,1.0,1.0,1.0,0.0,0.0,1.0,0.0,1.0
0.7797062750333779,0.21428571428571425,0.07692307692307693,0.6666666666666665,0.5,30,0.0,0.06666666666666668,1.0,1.0,1.0,1.0,0.0,0.0,1.0,0.0,1.0
0.7903871829105473,0.35714285714285715,0.23076923076923078,0.6666666666666665,0.5,25,0.0,0.0,0.0,1.0,1.0,1.0,0.0,0.0,1.0,0.0,1.0
0.8090787716955941,0.08571428571428572,0.07692307692307693,0.6666666666666665,0.5,29,0.0,0.06666666666666668,0.0,1.0,1.0,0.0,1.0,0.0,1.0,1.0,0.0
0.8090787716955941,0.08571428571428572,0.07692307692307693,0.5555555555555556,1.0,28,0.0,0.06666666666666668,0.0,1.0,1.0,0.0,1.0,1.0,0.0,1.0,0.0
0.8090787716955941,0.11428571428571427,0.07692307692307693,0.0,0.5,32,0.0,0.0,1.0,1.0,1.0,1.0,0.0,0.0,1.0,0.0,1.0
0.8090787716955941,0.11428571428571427,0.07692307692307693,0.5555555555555556,1.0,30,0.0,0.0,1.0,1.0,1.0,1.0,0.0,1.0,0.0,0.0,1.0
0.8104138851802403,0.08571428571428572,0.07692307692307693,0.6666666666666665,0.5,27,0.0,0.06666666666666668,0.0,1.0,1.0,0.0,1.0,0.0,1.0,1.0,0.0
0.8104138851802403,0.08571428571428572,0.07692307692307693,0.5555555555555556,1.0,27,0.0,0.06666666666666668,0.0,1.0,1.0,0.0,1.0,1.0,0.0,1.0,0.0
0.8865153538050734,0.7999999999999998,0.6923076923076923,0.7777777777777777,0.0,14,0.3333333333333333,0.0,0.0,1.0,1.0,0.0,1.0,0.0,1.0,1.0,0.0
0.8931909212283043,0.14285714285714285,0.07692307692307693,0.6666666666666665,0.5,32,1.0,0.0,1.0,1.0,1.0,1.0,0.0,0.0,1.0,1.0,0.0
0.8931909212283043,0.14285714285714285,0.07692307692307693,0.4444444444444445,1.0,27,1.0,0.0,1.0,1.0,1.0,1.0,0.0,1.0,0.0,1.0,0.0
0.8958611481975968,0.14285714285714285,0.07692307692307693,0.6666666666666665,0.5,30,1.0,0.0,1.0,1.0,1.0,1.0,0.0,0.0,1.0,1.0,0.0
0.8958611481975968,0.14285714285714285,0.07692307692307693,0.4444444444444445,1.0,26,1.0,0.0,1.0,1.0,1.0,1.0,0.0,1.0,0.0,1.0,0.0
0.8985313751668892,0.21428571428571425,0.07692307692307693,0.6666666666666665,0.5,29,1.0,0.0,1.0,1.0,1.0,1.0,0.0,0.0,1.0,0.0,1.0
0.8985313751668892,0.3714285714285714,0.23076923076923078,0.5555555555555556,0.5,23,1.0,0.0,1.0,1.0,1.0,1.0,0.0,0.0,1.0,0.0,1.0
0.9065420560747663,0.35714285714285715,0.23076923076923078,0.5555555555555556,0.0,24,0.0,0.06666666666666668,1.0,1.0,1.0,1.0,0.0,0.0,1.0,0.0,1.0
0.9078771695594126,0.21428571428571425,0.07692307692307693,0.5555555555555556,0.5,40,0.0,0.06666666666666668,1.0,1.0,1.0,1.0,0.0,1.0,0.0,0.0,1.0
0.9105473965287049,0.21428571428571425,0.07692307692307693,0.7777777777777777,0.0,34,0.0,0.06666666666666668,1.0,1.0,1.0,1.0,0.0,0.0,1.0,1.0,0.0
0.9105473965287049,0.35714285714285715,0.23076923076923078,0.7777777777777777,0.0,26,0.0,0.06666666666666668,1.0,1.0,1.0,1.0,0.0,0.0,1.0,1.0,0.0
0.9118825100133511,0.21428571428571425,0.07692307692307693,0.5555555555555556,0.5,52,0.0,0.06666666666666668,1.0,1.0,1.0,1.0,0.0,1.0,0.0,1.0,0.0
0.9132176234979973,0.21428571428571425,0.07692307692307693,0.5555555555555556,0.5,46,0.0,0.06666666666666668,1.0,1.0,1.0,1.0,0.0,1.0,0.0,1.0,0.0
0.9145527369826435,0.21428571428571425,0.07692307692307693,0.7777777777777777,0.0,32,0.0,0.06666666666666668,1.0,1.0,1.0,1.0,0.0,0.0,1.0,1.0,0.0
0.9158878504672897,0.21428571428571425,0.07692307692307693,0.7777777777777777,0.0,32,0.0,0.06666666666666668,1.0,1.0,1.0,1.0,0.0,0.0,1.0,1.0,0.0
0.9172229639519359,0.35714285714285715,0.23076923076923078,0.7777777777777777,0.0,26,0.0,0.06666666666666668,1.0,1.0,1.0,1.0,0.0,0.0,1.0,1.0,0.0
0.9185580774365821,0.11428571428571427,0.07692307692307693,0.0,0.5,32,0.0,0.06666666666666668,1.0,1.0,1.0,1.0,0.0,0.0,1.0,0.0,1.0
0.9185580774365821,0.11428571428571427,0.07692307692307693,0.6666666666666665,0.5,31,0.0,0.06666666666666668,1.0,1.0,1.0,1.0,0.0,0.0,1.0,0.0,1.0
0.9185580774365821,0.11428571428571427,0.07692307692307693,0.5555555555555556,1.0,30,0.0,0.06666666666666668,1.0,1.0,1.0,1.0,0.0,1.0,0.0,0.0,1.0
0.9212283044058744,0.11428571428571427,0.07692307692307693,0.6666666666666665,0.5,31,0.0,0.06666666666666668,1.0,1.0,1.0,1.0,0.0,0.0,1.0,0.0,1.0
0.9212283044058744,0.11428571428571427,0.07692307692307693,0.5555555555555556,1.0,30,0.0,0.06666666666666668,1.0,1.0,1.0,1.0,0.0,1.0,0.0,0.0,1.0
0.9198931909212282,0.11428571428571427,0.07692307692307693,0.0,0.5,34,0.0,0.06666666666666668,1.0,1.0,1.0,1.0,0.0,0.0,1.0,0.0,1.0
0.9198931909212282,0.11428571428571427,0.07692307692307693,0.0,0.5,33,0.0,0.06666666666666668,1.0,1.0,1.0,1.0,0.0,0.0,1.0,0.0,1.0
0.9292389853137516,0.11428571428571427,0.07692307692307693,0.0,0.5,52,0.0,0.06666666666666668,1.0,1.0,1.0,1.0,0.0,1.0,0.0,0.0,1.0
0.9305740987983978,0.11428571428571427,0.07692307692307693,0.0,0.5,56,0.0,0.06666666666666668,1.0,1.0,1.0,1.0,0.0,1.0,0.0,0.0,1.0
0.9706275033377837,0.14285714285714285,0.07692307692307693,0.5555555555555556,0.0,29,0.0,0.06666666666666668,1.0,1.0,1.0,0.0,1.0,0.0,1.0,1.0,0.0
0.9706275033377837,0.3714285714285714,0.23076923076923078,0.5555555555555556,1.0,22,0.0,0.06666666666666668,1.0,1.0,1.0,1.0,0.0,0.0,1.0,1.0,0.0
0.9853137516688918,0.14285714285714285,0.07692307692307693,0.7777777777777777,0.0,26,1.0,0.0,0.5,1.0,1.0,0.0,1.0,0.0,1.0,1.0,0.0
0.9853137516688918,0.14285714285714285,0.07692307692307693,0.7777777777777777,0.0,25,1.0,0.0,0.5,1.0,1.0,0.0,1.0,0.0,1.0,1.0,0.0
0.986648865153538,0.14285714285714285,0.07692307692307693,0.7777777777777777,0.0,27,0.0,0.0,0.5,1.0,1.0,0.0,1.0,0.0,1.0,1.0,0.0
0.03871829105473965,0.2857142857142857,0.23076923076923078,0.7777777777777777,0.0,22,1.0,0.06666666666666668,0.0,1.0,1.0,0.0,1.0,0.0,1.0,1.0,0.0
0.03871829105473965,0.42857142857142855,0.38461538461538464,0.7777777777777777,0.0,19,1.0,0.06666666666666668,0.0,1.0,1.0,0.0,1.0,0.0,1.0,1.0,0.0
0.08411214953271028,0.14285714285714285,0.07692307692307693,0.7777777777777777,0.0,27,1.0,0.0,0.0,1.0,1.0,0.0,1.0,0.0,1.0,1.0,0.0
0.08945260347129506,0.2857142857142857,0.23076923076923078,0.7777777777777777,0.0,23,1.0,0.0,0.0,1.0,1.0,0.0,1.0,0.0,1.0,1.0,0.0
0.11748998664886515,0.2857142857142857,0.23076923076923078,0.7777777777777777,0.0,23,1.0,0.0,0.0,1.0,1.0,0.0,1.0,0.0,1.0,1.0,0.0
0.12416555407209612,0.2857142857142857,0.23076923076923078,0.7777777777777777,0.0,24,0.3333333333333333,0.0,0.0,1.0,1.0,0.0,1.0,0.0,1.0,1.0,0.0
0.12550066755674233,0.2857142857142857,0.23076923076923078,0.7777777777777777,0.0,23,1.0,0.0,0.0,1.0,1.0,0.0,1.0,0.0,1.0,1.0,0.0
0.1268357810413885,0.4857142857142857,0.38461538461538464,0.7777777777777777,0.0,20,0.3333333333333333,0.0,0.0,1.0,1.0,0.0,1.0,0.0,1.0,1.0,0.0
0.1281708945260347,0.4857142857142857,0.38461538461538464,0.7777777777777777,0.0,19,1.0,0.0,0.0,1.0,1.0,0.0,1.0,0.0,1.0,1.0,0.0
0.1308411214953271,0.4857142857142857,0.38461538461538464,0.7777777777777777,0.0,19,1.0,0.0,0.0,1.0,1.0,0.0,1.0,0.0,1.0,1.0,0.0
0.14819759679572764,0.7999999999999998,0.6923076923076923,0.7777777777777777,0.0,16,1.0,0.0,0.0,1.0,1.0,0.0,1.0,0.0,1.0,1.0,0.0
0.14953271028037382,0.14285714285714285,0.07692307692307693,0.7777777777777777,0.0,26,0.0,0.0,0.0,1.0,1.0,0.0,1.0,0.0,1.0,1.0,0.0
0.15086782376502003,0.14285714285714285,0.07692307692307693,0.7777777777777777,0.0,25,1.0,0.0,0.0,1.0,1.0,0.0,1.0,0.0,1.0,1.0,0.0
0.18825100133511347,0.14285714285714285,0.07692307692307693,0.8888888888888888,0.0,26,0.0,0.0,0.5,1.0,1.0,0.0,1.0,0.0,1.0,1.0,0.0
0.18958611481975968,0.14285714285714285,0.07692307692307693,0.7777777777777777,0.0,24,1.0,0.0,0.5,1.0,1.0,0.0,1.0,0.0,1.0,1.0,0.0
0.18958611481975968,0.3714285714285714,0.23076923076923078,0.8888888888888888,0.0,22,1.0,0.0,1.0,1.0,1.0,1.0,0.0,0.0,1.0,1.0,0.0
0.19759679572763683,0.14285714285714285,0.07692307692307693,0.7777777777777777,0.0,25,0.3333333333333333,0.0,0.5,1.0,1.0,0.0,1.0,0.0,1.0,1.0,0.0
0.19893190921228304,0.2857142857142857,0.23076923076923078,0.7777777777777777,0.0,21,1.0,0.0,0.5,1.0,1.0,0.0,1.0,0.0,1.0,1.0,0.0
0.19893190921228304,0.3714285714285714,0.23076923076923078,0.7777777777777777,0.0,21,1.0,0.0,1.0,1.0,1.0,1.0,0.0,0.0,1.0,1.0,0.0
0.2096128170894526,0.3714285714285714,0.23076923076923078,0.5555555555555556,0.0,22,0.0,0.0,1.0,1.0,1.0,1.0,0.0,0.0,1.0,1.0,0.0
0.2109479305740988,0.3714285714285714,0.23076923076923078,0.5555555555555556,0.0,20,1.0,0.0,1.0,1.0,1.0,1.0,0.0,0.0,1.0,1.0,0.0
0.2109479305740988,0.3714285714285714,0.23076923076923078,0.5555555555555556,0.0,18,1.0,0.0,0.5,1.0,1.0,0.0,1.0,0.0,1.0,1.0,0.0
0.2363150867823765,0.21428571428571425,0.07692307692307693,0.5555555555555556,0.0,25,0.0,0.0,1.0,1.0,1.0,1.0,0.0,0.0,1.0,1.0,0.0
0.2363150867823765,0.3714285714285714,0.23076923076923078,0.5555555555555556,0.0,22,0.0,0.0,1.0,1.0,1.0,1.0,0.0,0.0,1.0,1.0,0.0
0.2363150867823765,0.3714285714285714,0.23076923076923078,0.5555555555555556,0.0,22,0.0,1.0,1.0,1.0,1.0,1.0,0.0,0.0,1.0,1.0,0.0
0.25500667556742324,0.3714285714285714,0.23076923076923078,0.7777777777777777,0.0,23,0.3333333333333333,0.0,1.0,1.0,1.0,1.0,0.0,0.0,1.0,0.0,1.0
0.25500667556742324,0.3714285714285714,0.23076923076923078,0.7777777777777777,0.0,23,0.3333333333333333,1.0,1.0,1.0,1.0,1.0,0.0,0.0,1.0,0.0,1.0
0.25500667556742324,0.6714285714285715,0.38461538461538464,0.7777777777777777,0.0,19,0.3333333333333333,0.0,1.0,0.0,0.0,1.0,0.0,0.0,1.0,0.0,1.0
0.2563417890520694,0.3714285714285714,0.23076923076923078,0.7777777777777777,0.0,21,1.0,1.0,1.0,1.0,1.0,1.0,0.0,0.0,1.0,0.0,1.0
0.2563417890520694,0.3714285714285714,0.23076923076923078,0.7777777777777777,0.0,21,1.0,0.0,1.0,1.0,1.0,1.0,0.0,0.0,1.0,0.0,1.0
0.2630173564753004,0.3714285714285714,0.23076923076923078,0.7777777777777777,0.0,23,0.3333333333333333,0.0,1.0,1.0,1.0,1.0,0.0,0.0,1.0,0.0,1.0
0.2630173564753004,0.3714285714285714,0.23076923076923078,0.7777777777777777,0.0,23,0.3333333333333333,1.0,1.0,1.0,1.0,1.0,0.0,0.0,1.0,0.0,1.0
0.2630173564753004,0.6714285714285715,0.38461538461538464,0.7777777777777777,0.0,19,0.3333333333333333,0.0,1.0,0.0,0.0,1.0,0.0,0.0,1.0,0.0,1.0
0.2630173564753004,0.7714285714285714,0.38461538461538464,0.7777777777777777,0.0,18,0.3333333333333333,0.0,0.5,0.0,0.0,1.0,0.0,0.0,1.0,0.0,1.0
0.2643524699599466,0.3714285714285714,0.23076923076923078,0.7777777777777777,0.0,21,1.0,1.0,1.0,1.0,1.0,1.0,0.0,0.0,1.0,0.0,1.0
0.2643524699599466,0.3714285714285714,0.23076923076923078,0.7777777777777777,0.0,21,1.0,0.0,1.0,1.0,1.0,1.0,0.0,0.0,1.0,0.0,1.0
0.26568758344459276,0.7428571428571429,0.38461538461538464,0.7777777777777777,0.0,16,0.3333333333333333,0.0,0.5,0.0,0.0,0.0,1.0,0.0,1.0,0.0,1.0
0.26568758344459276,0.7714285714285714,0.38461538461538464,0.7777777777777777,0.0,18,0.3333333333333333,0.0,0.5,0.0,0.0,1.0,0.0,0.0,1.0,0.0,1.0
0.2883845126835781,0.14285714285714285,0.07692307692307693,0.0,0.5,40,0.0,0.06666666666666668,1.0,1.0,1.0,1.0,0.0,1.0,0.0,0.0,1.0
0.35514018691588783,0.35714285714285715,0.23076923076923078,0.5555555555555556,0.0,19,1.0,0.06666666666666668,1.0,1.0,1.0,0.0,1.0,0.0,1.0,1.0,0.0
0.35514018691588783,0.35714285714285715,0.23076923076923078,0.5555555555555556,0.0,19,1.0,0.06666666666666668,1.0,1.0,1.0,1.0,0.0,0.0,1.0,0.0,1.0
0.35647530040053405,0.35714285714285715,0.23076923076923078,0.5555555555555556,0.0,19,1.0,1.0,1.0,1.0,1.0,1.0,0.0,0.0,1.0,0.0,1.0
0.35781041388518026,0.35714285714285715,0.23076923076923078,0.5555555555555556,0.0,21,0.0,0.06666666666666668,1.0,1.0,1.0,1.0,0.0,0.0,1.0,0.0,1.0
0.3591455273698264,0.35714285714285715,0.23076923076923078,0.5555555555555556,0.0,21,0.0,1.0,1.0,1.0,1.0,1.0,0.0,0.0,1.0,0.0,1.0
0.3711615487316422,0.3285714285714285,0.23076923076923078,0.7777777777777777,0.0,20,1.0,0.0,0.0,1.0,1.0,0.0,1.0,0.0,1.0,1.0,0.0
0.3711615487316422,0.39999999999999997,0.23076923076923078,0.7777777777777777,0.0,20,1.0,0.0,1.0,1.0,1.0,1.0,0.0,0.0,1.0,1.0,0.0
0.3711615487316422,0.5714285714285714,0.38461538461538464,0.7777777777777777,0.0,18,1.0,0.06666666666666668,0.0,1.0,1.0,1.0,0.0,0.0,1.0,1.0,0.0
0.37249666221628835,0.3285714285714285,0.23076923076923078,0.7777777777777777,0.0,20,0.3333333333333333,0.0,0.0,1.0,1.0,0.0,1.0,0.0,1.0,1.0,0.0
0.37249666221628835,0.39999999999999997,0.23076923076923078,0.7777777777777777,0.0,22,0.3333333333333333,0.0,1.0,1.0,1.0,1.0,0.0,0.0,1.0,1.0,0.0
0.37249666221628835,0.5714285714285714,0.38461538461538464,0.7777777777777777,0.0,19,0.3333333333333333,0.06666666666666668,0.0,1.0,1.0,1.0,0.0,0.0,1.0,1.0,0.0
0.37383177570093457,0.3285714285714285,0.23076923076923078,0.7777777777777777,0.0,20,1.0,0.06666666666666668,0.0,1.0,1.0,0.0,1.0,0.0,1.0,1.0,0.0
0.37383177570093457,0.5714285714285714,0.38461538461538464,0.7777777777777777,0.0,18,1.0,0.06666666666666668,0.0,1.0,1.0,1.0,0.0,0.0,1.0,1.0,0.0
0.3751668891855808,0.3285714285714285,0.23076923076923078,0.7777777777777777,0.0,20,0.3333333333333333,0.06666666666666668,0.0,1.0,1.0,0.0,1.0,0.0,1.0,1.0,0.0
0.3751668891855808,0.5714285714285714,0.38461538461538464,0.7777777777777777,0.0,19,0.3333333333333333,0.06666666666666668,0.0,1.0,1.0,1.0,0.0,0.0,1.0,1.0,0.0
0.4205607476635514,0.07142857142857142,0.07692307692307693,0.0,0.5,33,0.0,0.0,1.0,1.0,1.0,0.0,1.0,0.0,1.0,1.0,0.0
0.4205607476635514,0.07142857142857142,0.07692307692307693,0.6666666666666665,0.5,31,0.0,0.0,1.0,1.0,1.0,0.0,1.0,0.0,1.0,1.0,0.0
0.4205607476635514,0.07142857142857142,0.07692307692307693,0.5555555555555556,1.0,30,0.0,0.0,1.0,1.0,1.0,0.0,1.0,1.0,0.0,1.0,0.0
0.4205607476635514,0.14285714285714285,0.07692307692307693,1.0,0.0,27,0.0,0.0,1.0,1.0,1.0,0.0,1.0,0.0,1.0,1.0,0.0
0.4205607476635514,0.14285714285714285,0.07692307692307693,0.5555555555555556,1.0,26,0.0,0.0,1.0,1.0,1.0,0.0,1.0,1.0,0.0,1.0,0.0
0.4259012016021362,0.07142857142857142,0.07692307692307693,0.0,0.5,34,0.0,0.0,1.0,1.0,1.0,0.0,1.0,0.0,1.0,1.0,0.0
0.4259012016021362,0.07142857142857142,0.07692307692307693,0.6666666666666665,0.5,32,0.0,0.0,0.0,1.0,1.0,0.0,1.0,0.0,1.0,1.0,0.0
0.4259012016021362,0.07142857142857142,0.07692307692307693,0.5555555555555556,1.0,33,0.0,0.0,1.0,1.0,1.0,0.0,1.0,1.0,0.0,1.0,0.0
0.4259012016021362,0.07142857142857142,0.07692307692307693,0.5555555555555556,1.0,33,0.0,0.0,0.0,1.0,1.0,0.0,1.0,1.0,0.0,1.0,0.0
0.4259012016021362,0.14285714285714285,0.07692307692307693,0.5555555555555556,1.0,25,0.0,0.0,0.0,1.0,1.0,0.0,1.0,1.0,0.0,1.0,0.0
0.3991989319092123,0.08571428571428572,0.07692307692307693,0.6666666666666665,1.0,28,0.0,0.06666666666666668,1.0,1.0,1.0,0.0,1.0,1.0,0.0,1.0,0.0
0.3991989319092123,0.08571428571428572,0.07692307692307693,0.5555555555555556,1.0,25,0.0,0.06666666666666668,1.0,1.0,1.0,0.0,1.0,1.0,0.0,1.0,0.0
0.3991989319092123,0.14285714285714285,0.07692307692307693,0.5555555555555556,0.0,27,0.0,0.06666666666666668,1.0,1.0,1.0,1.0,0.0,0.0,1.0,1.0,0.0
0.3991989319092123,0.14285714285714285,0.07692307692307693,0.5555555555555556,1.0,26,0.0,0.06666666666666668,1.0,1.0,1.0,1.0,0.0,1.0,0.0,1.0,0.0
0.40186915887850466,0.08571428571428572,0.07692307692307693,0.5555555555555556,1.0,55,0.0,0.06666666666666668,1.0,1.0,1.0,1.0,0.0,1.0,0.0,1.0,0.0
0.4032042723631509,0.08571428571428572,0.07692307692307693,0.5555555555555556,1.0,58,0.0,0.06666666666666668,1.0,1.0,1.0,1.0,0.0,1.0,0.0,1.0,0.0
0.4152202937249666,0.08571428571428572,0.07692307692307693,0.6666666666666665,1.0,31,0.0,0.06666666666666668,1.0,1.0,1.0,0.0,1.0,1.0,0.0,1.0,0.0
0.4152202937249666,0.14285714285714285,0.07692307692307693,0.7777777777777777,0.0,26,0.0,0.06666666666666668,1.0,1.0,1.0,0.0,1.0,0.0,1.0,1.0,0.0
0.4152202937249666,0.19999999999999996,0.07692307692307693,0.5555555555555556,0.0,28,0.0,0.06666666666666668,1.0,1.0,1.0,1.0,0.0,0.0,1.0,1.0,0.0
0.4165554072096128,0.19999999999999996,0.07692307692307693,0.5555555555555556,0.0,29,0.0,0.06666666666666668,1.0,1.0,1.0,1.0,0.0,0.0,1.0,1.0,0.0
0.4979973297730307,0.2857142857142857,0.23076923076923078,0.7777777777777777,0.0,21,0.3333333333333333,0.06666666666666668,0.0,1.0,1.0,0.0,1.0,0.0,1.0,1.0,0.0
0.4979973297730307,0.5714285714285714,0.38461538461538464,0.7777777777777777,0.0,18,0.3333333333333333,0.06666666666666668,0.0,1.0,1.0,0.0,1.0,0.0,1.0,1.0,0.0
0.4993324432576769,0.2857142857142857,0.23076923076923078,0.7777777777777777,0.0,20,1.0,0.06666666666666668,0.0,1.0,1.0,0.0,1.0,0.0,1.0,1.0,0.0
0.5006675567423231,0.2857142857142857,0.23076923076923078,0.7777777777777777,0.0,21,0.3333333333333333,0.06666666666666668,0.0,1.0,1.0,0.0,1.0,0.0,1.0,1.0,0.0
0.5006675567423231,0.5714285714285714,0.38461538461538464,0.7777777777777777,0.0,18,0.3333333333333333,0.06666666666666668,0.0,1.0,1.0,0.0,1.0,0.0,1.0,1.0,0.0
0.5020026702269693,0.2857142857142857,0.23076923076923078,0.7777777777777777,0.0,20,1.0,0.06666666666666668,0.0,1.0,1.0,0.0,1.0,0.0,1.0,1.0,0.0
0.5233644859813084,0.3285714285714285,0.23076923076923078,0.7777777777777777,0.0,23,0.0,0.06666666666666668,1.0,1.0,1.0,1.0,0.0,0.0,1.0,1.0,0.0
0.5260347129506008,0.08571428571428572,0.07692307692307693,0.6666666666666665,1.0,27,0.0,0.06666666666666668,1.0,1.0,1.0,0.0,1.0,1.0,0.0,1.0,0.0
0.5260347129506008,0.08571428571428572,0.07692307692307693,0.5555555555555556,1.0,25,0.0,0.06666666666666668,1.0,1.0,1.0,0.0,1.0,1.0,0.0,1.0,0.0
0.5260347129506008,0.14285714285714285,0.07692307692307693,0.5555555555555556,0.0,28,0.0,0.06666666666666668,1.0,1.0,1.0,1.0,0.0,0.0,1.0,1.0,0.0
0.527369826435247,0.39999999999999997,0.23076923076923078,0.7777777777777777,0.0,20,0.3333333333333333,0.06666666666666668,1.0,1.0,1.0,1.0,0.0,0.0,1.0,1.0,0.0
0.527369826435247,0.5714285714285714,0.38461538461538464,0.7777777777777777,0.0,18,0.3333333333333333,0.06666666666666668,0.0,1.0,1.0,1.0,0.0,0.0,1.0,1.0,0.0
0.5327102803738317,0.08571428571428572,0.07692307692307693,0.6666666666666665,1.0,31,0.0,0.06666666666666668,1.0,1.0,1.0,0.0,1.0,1.0,0.0,1.0,0.0
0.5327102803738317,0.14285714285714285,0.07692307692307693,0.5555555555555556,0.0,25,0.0,0.06666666666666668,1.0,1.0,1.0,0.0,1.0,0.0,1.0,1.0,0.0
0.5327102803738317,0.19999999999999996,0.07692307692307693,0.5555555555555556,0.0,28,0.0,0.06666666666666668,1.0,1.0,1.0,1.0,0.0,0.0,1.0,1.0,0.0
0.5340453938584779,0.19999999999999996,0.07692307692307693,0.5555555555555556,0.0,29,0.0,0.06666666666666668,1.0,1.0,1.0,1.0,0.0,0.0,1.0,1.0,0.0
0.5981308411214953,0.24285714285714288,0.23076923076923078,0.5555555555555556,0.0,20,1.0,0.06666666666666668,1.0,1.0,1.0,0.0,1.0,0.0,1.0,1.0,0.0
0.5981308411214953,0.2857142857142857,0.23076923076923078,0.5555555555555556,0.0,19,1.0,0.06666666666666668,1.0,1.0,1.0,0.0,1.0,0.0,1.0,1.0,0.0
0.5981308411214953,0.38571428571428573,0.23076923076923078,0.5555555555555556,0.0,19,1.0,0.06666666666666668,1.0,1.0,1.0,1.0,0.0,0.0,1.0,1.0,0.0
0.5994659546061415,0.24285714285714288,0.23076923076923078,0.5555555555555556,0.0,21,0.0,0.06666666666666668,1.0,1.0,1.0,0.0,1.0,0.0,1.0,1.0,0.0
0.5994659546061415,0.38571428571428573,0.23076923076923078,0.5555555555555556,0.0,20,0.0,0.06666666666666668,1.0,1.0,1.0,1.0,0.0,0.0,1.0,1.0,0.0
0.6275033377837116,0.2857142857142857,0.23076923076923078,0.7777777777777777,0.0,18,0.3333333333333333,0.0,0.5,1.0,1.0,0.0,1.0,0.0,1.0,1.0,0.0
0.6288384512683578,0.2857142857142857,0.23076923076923078,0.7777777777777777,0.0,18,1.0,0.0,0.5,1.0,1.0,0.0,1.0,0.0,1.0,1.0,0.0
0.630173564753004,0.39999999999999997,0.38461538461538464,0.7777777777777777,0.0,17,0.3333333333333333,0.0,0.5,1.0,1.0,0.0,1.0,0.0,1.0,1.0,0.0
0.6862483311081442,0.42857142857142855,0.38461538461538464,0.8888888888888888,0.0,20,0.6666666666666666,0.0,0.5,1.0,1.0,0.0,1.0,0.0,1.0,1.0,0.0
0.6875834445927904,0.7142857142857142,0.6923076923076923,0.6666666666666665,0.0,16,0.3333333333333333,0.0,0.5,1.0,0.0,0.0,1.0,0.0,1.0,0.0,1.0
0.7303070761014686,0.7142857142857142,0.6923076923076923,0.6666666666666665,0.0,16,0.3333333333333333,0.0,0.5,1.0,0.0,0.0,1.0,0.0,1.0,0.0,1.0
0.7343124165554072,0.2857142857142857,0.23076923076923078,0.8888888888888888,0.0,22,0.3333333333333333,0.0,0.5,1.0,1.0,0.0,1.0,0.0,1.0,1.0,0.0
0.7356475300400533,0.2857142857142857,0.23076923076923078,0.8888888888888888,0.0,22,0.6666666666666666,0.0,0.5,1.0,1.0,0.0,1.0,0.0,1.0,1.0,0.0
0.7369826435246996,0.42857142857142855,0.38461538461538464,0.8888888888888888,0.0,21,0.6666666666666666,0.0,0.5,1.0,1.0,0.0,1.0,0.0,1.0,1.0,0.0
0.7383177570093458,0.42857142857142855,0.38461538461538464,0.8888888888888888,0.0,19,0.6666666666666666,0.0,0.5,1.0,1.0,0.0,1.0,0.0,1.0,1.0,0.0
0.8664886515353805,0.2857142857142857,0.23076923076923078,0.7777777777777777,1.0,24,0.3333333333333333,0.0,0.5,1.0,1.0,0.0,1.0,1.0,0.0,1.0,0.0
0.8678237650200267,0.2857142857142857,0.23076923076923078,0.7777777777777777,1.0,23,0.6666666666666666,0.0,0.5,1.0,1.0,0.0,1.0,1.0,0.0,1.0,0.0
0.8691588785046729,0.2857142857142857,0.23076923076923078,0.7777777777777777,1.0,23,0.6666666666666666,0.0,0.5,1.0,1.0,0.0,1.0,1.0,0.0,1.0,0.0
0.8704939919893191,0.2714285714285714,0.23076923076923078,0.7777777777777777,1.0,23,0.6666666666666666,0.0,0.5,1.0,1.0,0.0,1.0,1.0,0.0,1.0,0.0
0.8718291054739653,0.2714285714285714,0.23076923076923078,0.7777777777777777,1.0,23,0.6666666666666666,0.0,0.5,1.0,1.0,0.0,1.0,1.0,0.0,1.0,0.0
0.8731642189586114,0.42857142857142855,0.38461538461538464,0.7777777777777777,1.0,21,1.0,0.0,0.5,1.0,1.0,0.0,1.0,1.0,0.0,1.0,0.0
0.8744993324432576,0.42857142857142855,0.38461538461538464,0.7777777777777777,1.0,21,1.0,0.0,0.5,1.0,1.0,0.0,1.0,1.0,0.0,1.0,0.0
0.8811748998664887,0.7999999999999998,0.6923076923076923,0.7777777777777777,0.0,14,0.3333333333333333,0.0,0.0,1.0,1.0,0.0,1.0,0.0,1.0,1.0,0.0
0.8825100133511348,0.7999999999999998,0.6923076923076923,0.7777777777777777,0.0,14,0.3333333333333333,0.0,0.0,1.0,1.0,0.0,1.0,0.0,1.0,1.0,0.0
0.883845126835781,0.8142857142857143,0.6923076923076923,0.7777777777777777,0.0,14,0.3333333333333333,0.0,0.0,1.0,1.0,0.0,1.0,0.0,1.0,1.0,0.0
0.8851802403204272,0.8142857142857143,0.6923076923076923,0.7777777777777777,0.0,14,0.3333333333333333,0.0,0.0,1.0,1.0,0.0,1.0,0.0,1.0,1.0,0.0
0.07209612817089453,0.14285714285714285,0.07692307692307693,0.6666666666666665,1.0,25,1.0,0.06666666666666668,0.0,1.0,1.0,0.0,1.0,0.0,1.0,1.0,0.0
0.08544726301735647,0.14285714285714285,0.07692307692307693,0.7777777777777777,0.0,27,1.0,0.0,0.0,1.0,1.0,0.0,1.0,0.0,1.0,1.0,0.0
0.19092122830440586,0.14285714285714285,0.07692307692307693,0.7777777777777777,0.0,24,1.0,0.0,0.5,1.0,1.0,0.0,1.0,0.0,1.0,1.0,0.0
0.24566088117489987,0.057142857142857134,0.07692307692307693,0.5555555555555556,0.0,30,0.0,0.0,1.0,1.0,1.0,0.0,1.0,0.0,1.0,0.0,1.0
0.24566088117489987,0.057142857142857134,0.07692307692307693,0.5555555555555556,1.0,32,0.0,0.0,1.0,1.0,1.0,0.0,1.0,1.0,0.0,0.0,1.0
0.24566088117489987,0.11428571428571427,0.07692307692307693,0.5555555555555556,0.0,28,0.0,0.0,1.0,1.0,1.0,1.0,0.0,0.0,1.0,0.0,1.0
0.24566088117489987,0.11428571428571427,0.07692307692307693,0.4444444444444445,1.0,29,0.0,0.0,1.0,1.0,1.0,1.0,0.0,1.0,0.0,0.0,1.0
0.27636849132176233,0.057142857142857134,0.07692307692307693,0.5555555555555556,0.0,25,0.0,0.0,0.0,1.0,1.0,0.0,1.0,0.0,1.0,0.0,1.0
0.42990654205607476,0.07142857142857142,0.07692307692307693,0.0,0.5,36,0.0,0.0,1.0,1.0,1.0,1.0,0.0,0.0,1.0,1.0,0.0
0.42990654205607476,0.07142857142857142,0.07692307692307693,0.6666666666666665,0.5,33,0.0,0.0,1.0,1.0,1.0,1.0,0.0,0.0,1.0,1.0,0.0
0.42990654205607476,0.07142857142857142,0.07692307692307693,0.5555555555555556,1.0,31,0.0,0.0,1.0,1.0,1.0,1.0,0.0,1.0,0.0,1.0,0.0
0.43124165554072097,0.11428571428571427,0.07692307692307693,0.0,0.5,29,1.0,0.0,1.0,1.0,1.0,1.0,0.0,0.0,1.0,0.0,1.0
0.43124165554072097,0.11428571428571427,0.07692307692307693,0.6666666666666665,0.5,29,1.0,0.0,1.0,1.0,1.0,1.0,0.0,0.0,1.0,0.0,1.0
0.4325767690253671,0.11428571428571427,0.07692307692307693,0.0,0.5,31,0.0,0.0,1.0,1.0,1.0,1.0,0.0,0.0,1.0,0.0,1.0
0.4325767690253671,0.11428571428571427,0.07692307692307693,0.6666666666666665,0.5,31,0.0,0.0,1.0,1.0,1.0,1.0,0.0,0.0,1.0,0.0,1.0
0.4325767690253671,0.11428571428571427,0.07692307692307693,0.5555555555555556,1.0,28,0.0,0.0,1.0,1.0,1.0,1.0,0.0,1.0,0.0,0.0,1.0
0.5287049399198932,0.08571428571428572,0.07692307692307693,0.5555555555555556,1.0,49,0.0,0.06666666666666668,1.0,1.0,1.0,1.0,0.0,1.0,0.0,1.0,0.0
0.5300400534045394,0.08571428571428572,0.07692307692307693,0.5555555555555556,1.0,50,0.0,0.06666666666666668,1.0,1.0,1.0,1.0,0.0,1.0,0.0,1.0,0.0
0.5313751668891855,0.08571428571428572,0.07692307692307693,0.5555555555555556,1.0,43,0.0,0.06666666666666668,1.0,1.0,1.0,1.0,0.0,1.0,0.0,1.0,0.0
0.5460614152202937,0.08571428571428572,0.07692307692307693,0.6666666666666665,1.0,28,0.0,0.06666666666666668,1.0,1.0,1.0,0.0,1.0,1.0,0.0,1.0,0.0
0.5460614152202937,0.08571428571428572,0.07692307692307693,0.5555555555555556,0.0,27,0.0,0.06666666666666668,1.0,1.0,1.0,1.0,0.0,0.0,1.0,1.0,0.0
0.5460614152202937,0.08571428571428572,0.07692307692307693,0.5555555555555556,1.0,27,0.0,0.06666666666666668,1.0,1.0,1.0,1.0,0.0,1.0,0.0,1.0,0.0
0.5460614152202937,0.14285714285714285,0.07692307692307693,0.5555555555555556,0.0,27,0.0,0.06666666666666668,1.0,1.0,1.0,1.0,0.0,0.0,1.0,1.0,0.0
0.8064085447263017,0.14285714285714285,0.07692307692307693,0.6666666666666665,0.5,28,0.0,0.0,1.0,1.0,1.0,1.0,0.0,0.0,1.0,1.0,0.0
0.807743658210948,0.14285714285714285,0.07692307692307693,0.6666666666666665,0.5,27,1.0,0.0,1.0,1.0,1.0,1.0,0.0,0.0,1.0,1.0,0.0
0.8945260347129506,0.14285714285714285,0.07692307692307693,0.6666666666666665,0.5,31,1.0,0.0,1.0,1.0,1.0,1.0,0.0,0.0,1.0,1.0,0.0
0.8945260347129506,0.14285714285714285,0.07692307692307693,0.4444444444444445,1.0,26,1.0,0.0,1.0,1.0,1.0,1.0,0.0,1.0,0.0,1.0,0.0
0.897196261682243,0.14285714285714285,0.07692307692307693,0.6666666666666665,0.5,30,1.0,0.0,1.0,1.0,1.0,1.0,0.0,0.0,1.0,1.0,0.0
0.897196261682243,0.14285714285714285,0.07692307692307693,0.4444444444444445,1.0,25,1.0,0.0,1.0,1.0,1.0,1.0,0.0,1.0,0.0,1.0,0.0
0.9666221628838451,0.11428571428571427,0.07692307692307693,0.5555555555555556,1.0,25,1.0,0.06666666666666668,1.0,1.0,1.0,0.0,1.0,0.0,1.0,1.0,0.0
0.9879839786381842,0.14285714285714285,0.07692307692307693,0.7777777777777777,0.0,26,1.0,0.0,1.0,1.0,1.0,0.0,1.0,0.0,1.0,1.0,0.0
0.9879839786381842,0.14285714285714285,0.07692307692307693,0.7777777777777777,0.0,26,1.0,0.0,0.5,1.0,1.0,0.0,1.0,0.0,1.0,1.0,0.0
0.9893190921228304,0.14285714285714285,0.07692307692307693,0.7777777777777777,0.0,25,1.0,0.0,1.0,1.0,1.0,0.0,1.0,0.0,1.0,1.0,0.0
0.9906542056074766,0.14285714285714285,0.07692307692307693,0.7777777777777777,0.0,29,0.0,0.0,1.0,1.0,1.0,0.0,1.0,0.0,1.0,1.0,0.0
0.9919893190921228,0.14285714285714285,0.07692307692307693,0.7777777777777777,0.0,22,1.0,0.0,0.5,1.0,1.0,0.0,1.0,0.0,1.0,1.0,0.0
0.4966622162883845,0.2857142857142857,0.23076923076923078,0.7777777777777777,0.0,21,1.0,0.06666666666666668,0.0,1.0,1.0,0.0,1.0,0.0,1.0,1.0,0.0
0.6622162883845126,0.42857142857142855,0.38461538461538464,0.8888888888888888,0.0,18,0.6666666666666666,0.0,0.5,1.0,1.0,0.0,1.0,0.0,1.0,1.0,0.0
0.6662216288384513,0.14285714285714285,0.07692307692307693,0.6666666666666665,1.0,25,0.6666666666666666,0.0,0.5,1.0,1.0,0.0,1.0,0.0,1.0,1.0,0.0
0.7156208277703605,0.2857142857142857,0.23076923076923078,0.8888888888888888,0.0,21,0.6666666666666666,0.0,0.5,1.0,1.0,0.0,1.0,0.0,1.0,1.0,0.0
0.7917222963951935,0.35714285714285715,0.23076923076923078,0.6666666666666665,0.5,24,1.0,0.06666666666666668,1.0,1.0,1.0,1.0,0.0,0.0,1.0,0.0,1.0
0.7930574098798397,0.35714285714285715,0.23076923076923078,0.6666666666666665,0.5,24,0.0,0.06666666666666668,1.0,1.0,1.0,1.0,0.0,0.0,1.0,0.0,1.0
0.993324432576769,0.14285714285714285,0.07692307692307693,0.7777777777777777,0.0,25,1.0,0.0,0.5,1.0,1.0,0.0,1.0,0.0,1.0,1.0,0.0
0.9946595460614152,0.14285714285714285,0.07692307692307693,0.7777777777777777,0.0,25,1.0,0.0,0.5,1.0,1.0,0.0,1.0,0.0,1.0,1.0,0.0
0.9946595460614152,0.14285714285714285,0.07692307692307693,0.7777777777777777,0.0,26,1.0,0.0,0.5,1.0,1.0,0.0,1.0,0.0,1.0,1.0,0.0
0.9959946595460614,0.14285714285714285,0.07692307692307693,0.7777777777777777,0.0,27,0.0,0.0,0.5,1.0,1.0,0.0,1.0,0.0,1.0,1.0,0.0
0.22162883845126835,0.21428571428571425,0.07692307692307693,0.5555555555555556,0.0,22,0.3333333333333333,0.0,1.0,1.0,1.0,1.0,0.0,0.0,1.0,1.0,0.0
0.22162883845126835,0.21428571428571425,0.07692307692307693,0.5555555555555556,1.0,22,0.3333333333333333,0.0,1.0,1.0,1.0,1.0,0.0,1.0,0.0,1.0,0.0
0.22162883845126835,0.3714285714285714,0.23076923076923078,0.7777777777777777,0.0,20,0.3333333333333333,0.0,1.0,1.0,1.0,1.0,0.0,0.0,1.0,1.0,0.0
0.38451268357810414,0.21428571428571425,0.07692307692307693,0.5555555555555556,0.0,22,0.3333333333333333,0.0,1.0,1.0,1.0,1.0,0.0,0.0,1.0,1.0,0.0
0.38451268357810414,0.21428571428571425,0.07692307692307693,0.5555555555555556,1.0,22,0.3333333333333333,0.0,1.0,1.0,1.0,1.0,0.0,1.0,0.0,1.0,0.0
0.38451268357810414,0.3714285714285714,0.23076923076923078,0.7777777777777777,0.0,20,0.3333333333333333,0.0,1.0,1.0,1.0,1.0,0.0,0.0,1.0,1.0,0.0
0.4392523364485981,0.35714285714285715,0.23076923076923078,0.5555555555555556,0.0,22,0.0,0.0,1.0,1.0,1.0,1.0,0.0,0.0,1.0,1.0,0.0
0.7837116154873164,0.21428571428571425,0.07692307692307693,0.4444444444444445,0.0,19,0.3333333333333333,0.0,1.0,1.0,1.0,1.0,0.0,0.0,1.0,0.0,1.0
0.7837116154873164,0.21428571428571425,0.07692307692307693,0.4444444444444445,1.0,21,0.3333333333333333,0.0,1.0,1.0,1.0,1.0,0.0,1.0,0.0,0.0,1.0
0.7837116154873164,0.42857142857142855,0.23076923076923078,0.4444444444444445,0.0,19,0.3333333333333333,0.0,1.0,1.0,1.0,1.0,0.0,0.0,1.0,0.0,1.0
0.7837116154873164,0.42857142857142855,0.23076923076923078,0.5555555555555556,1.0,19,0.3333333333333333,0.0,1.0,1.0,1.0,1.0,0.0,1.0,0.0,0.0,1.0
0.7850467289719626,0.42857142857142855,0.23076923076923078,0.4444444444444445,0.0,18,0.3333333333333333,1.0,1.0,1.0,1.0,1.0,0.0,0.0,1.0,0.0,1.0
0.9465954606141522,0.24285714285714288,0.07692307692307693,0.5555555555555556,0.0,21,0.3333333333333333,0.06666666666666668,1.0,1.0,1.0,1.0,0.0,0.0,1.0,0.0,1.0
0.9465954606141522,0.35714285714285715,0.23076923076923078,0.5555555555555556,0.0,21,0.3333333333333333,0.06666666666666668,1.0,1.0,1.0,1.0,0.0,0.0,1.0,1.0,0.0
0.22296395193591453,0.21428571428571425,0.07692307692307693,0.5555555555555556,0.0,21,0.6666666666666666,0.0,1.0,1.0,1.0,1.0,0.0,0.0,1.0,1.0,0.0
0.22296395193591453,0.3714285714285714,0.23076923076923078,0.7777777777777777,0.0,19,0.6666666666666666,0.0,1.0,1.0,1.0,1.0,0.0,0.0,1.0,1.0,0.0
0.22563417890520693,0.3714285714285714,0.23076923076923078,0.7777777777777777,0.0,17,0.6666666666666666,0.0,1.0,1.0,1.0,1.0,0.0,0.0,1.0,1.0,0.0
0.3858477970627503,0.21428571428571425,0.07692307692307693,0.5555555555555556,0.0,21,0.6666666666666666,0.0,1.0,1.0,1.0,1.0,0.0,0.0,1.0,1.0,0.0
0.3858477970627503,0.3714285714285714,0.23076923076923078,0.7777777777777777,0.0,19,0.6666666666666666,0.0,1.0,1.0,1.0,1.0,0.0,0.0,1.0,1.0,0.0
0.7863818424566088,0.42857142857142855,0.23076923076923078,0.4444444444444445,0.0,17,0.6666666666666666,0.0,1.0,1.0,1.0,1.0,0.0,0.0,1.0,0.0,1.0
0.7863818424566088,0.42857142857142855,0.23076923076923078,0.5555555555555556,1.0,18,0.6666666666666666,0.0,1.0,1.0,1.0,1.0,0.0,1.0,0.0,0.0,1.0
0.787716955941255,0.42857142857142855,0.23076923076923078,0.4444444444444445,0.0,17,0.6666666666666666,1.0,1.0,1.0,1.0,1.0,0.0,0.0,1.0,0.0,1.0
0.9479305740987983,0.24285714285714288,0.07692307692307693,0.5555555555555556,0.0,20,0.6666666666666666,0.06666666666666668,1.0,1.0,1.0,1.0,0.0,0.0,1.0,0.0,1.0
0.9479305740987983,0.35714285714285715,0.23076923076923078,0.5555555555555556,0.0,20,0.6666666666666666,0.06666666666666668,1.0,1.0,1.0,1.0,0.0,0.0,1.0,1.0,0.0
0.9479305740987983,0.35714285714285715,0.23076923076923078,0.5555555555555556,1.0,18,0.6666666666666666,0.06666666666666668,1.0,1.0,1.0,1.0,0.0,1.0,0.0,1.0,0.0
0.9492656875834445,0.35714285714285715,0.23076923076923078,0.5555555555555556,1.0,18,0.6666666666666666,0.06666666666666668,1.0,1.0,1.0,1.0,0.0,1.0,0.0,1.0,0.0
0.21495327102803738,0.47142857142857136,0.23076923076923078,0.5555555555555556,0.0,20,0.3333333333333333,1.0,1.0,0.0,0.0,1.0,0.0,0.0,1.0,1.0,0.0
0.21495327102803738,0.6142857142857143,0.38461538461538464,0.5555555555555556,0.0,19,0.3333333333333333,0.0,1.0,0.0,0.0,1.0,0.0,0.0,1.0,1.0,0.0
0.21495327102803738,0.6142857142857143,0.38461538461538464,0.5555555555555556,0.0,19,0.3333333333333333,1.0,1.0,0.0,0.0,1.0,0.0,0.0,1.0,1.0,0.0
0.21495327102803738,0.6142857142857143,0.38461538461538464,0.7777777777777777,0.0,20,0.3333333333333333,0.0,1.0,0.0,0.0,1.0,0.0,0.0,1.0,1.0,0.0
0.21495327102803738,0.6142857142857143,0.38461538461538464,0.7777777777777777,0.0,18,0.3333333333333333,0.0,1.0,0.0,0.0,1.0,0.0,0.0,1.0,1.0,0.0
0.21495327102803738,0.7428571428571429,0.38461538461538464,0.7777777777777777,0.0,17,0.3333333333333333,0.0,0.5,0.0,0.0,1.0,0.0,0.0,1.0,1.0,0.0
0.3097463284379172,0.24285714285714288,0.23076923076923078,1.0,0.0,21,0.3333333333333333,0.06666666666666668,1.0,1.0,1.0,0.0,1.0,0.0,1.0,1.0,0.0
0.3124165554072096,0.24285714285714288,0.23076923076923078,1.0,0.0,22,0.3333333333333333,0.06666666666666668,1.0,1.0,1.0,0.0,1.0,0.0,1.0,1.0,0.0
0.3124165554072096,0.3285714285714285,0.23076923076923078,0.5555555555555556,0.0,21,0.3333333333333333,0.06666666666666668,1.0,1.0,1.0,1.0,0.0,0.0,1.0,0.0,1.0
0.3124165554072096,0.35714285714285715,0.23076923076923078,1.0,0.0,19,0.3333333333333333,0.06666666666666668,1.0,1.0,1.0,0.0,1.0,0.0,1.0,1.0,0.0
0.3124165554072096,0.5714285714285714,0.38461538461538464,1.0,0.0,18,0.3333333333333333,0.06666666666666668,1.0,1.0,1.0,1.0,0.0,0.0,1.0,1.0,0.0
0.3137516688918558,0.5714285714285714,0.38461538461538464,1.0,0.0,18,0.3333333333333333,1.0,1.0,1.0,1.0,1.0,0.0,0.0,1.0,1.0,0.0
0.315086782376502,0.3285714285714285,0.23076923076923078,0.5555555555555556,0.0,21,0.3333333333333333,1.0,1.0,1.0,1.0,1.0,0.0,0.0,1.0,0.0,1.0
0.31642189586114816,0.35714285714285715,0.23076923076923078,1.0,0.0,19,0.3333333333333333,0.06666666666666668,1.0,1.0,1.0,0.0,1.0,0.0,1.0,1.0,0.0
0.32309746328437916,0.5714285714285714,0.38461538461538464,1.0,0.0,17,0.3333333333333333,1.0,1.0,1.0,1.0,1.0,0.0,0.0,1.0,1.0,0.0
0.32443257676902537,0.5714285714285714,0.38461538461538464,1.0,0.0,17,0.3333333333333333,0.06666666666666668,1.0,1.0,1.0,1.0,0.0,0.0,1.0,1.0,0.0
0.32843791722296395,0.24285714285714288,0.23076923076923078,1.0,0.0,22,0.3333333333333333,0.06666666666666668,1.0,1.0,1.0,0.0,1.0,0.0,1.0,1.0,0.0
0.32843791722296395,0.3285714285714285,0.23076923076923078,0.5555555555555556,0.0,22,0.3333333333333333,0.06666666666666668,1.0,1.0,1.0,1.0,0.0,0.0,1.0,0.0,1.0
0.32843791722296395,0.35714285714285715,0.23076923076923078,1.0,0.0,21,0.3333333333333333,0.06666666666666668,1.0,1.0,1.0,0.0,1.0,0.0,1.0,1.0,0.0
0.32843791722296395,0.5714285714285714,0.38461538461538464,1.0,0.0,19,0.3333333333333333,0.06666666666666668,1.0,1.0,1.0,1.0,0.0,0.0,1.0,1.0,0.0
0.32977303070761016,0.3285714285714285,0.23076923076923078,0.5555555555555556,0.0,22,0.3333333333333333,1.0,1.0,1.0,1.0,1.0,0.0,0.0,1.0,0.0,1.0
0.32977303070761016,0.5714285714285714,0.38461538461538464,1.0,0.0,19,0.3333333333333333,1.0,1.0,1.0,1.0,1.0,0.0,0.0,1.0,1.0,0.0
0.37917222963951935,0.47142857142857136,0.23076923076923078,0.5555555555555556,0.0,20,0.3333333333333333,1.0,1.0,0.0,0.0,1.0,0.0,0.0,1.0,1.0,0.0
0.37917222963951935,0.6142857142857143,0.38461538461538464,0.5555555555555556,0.0,19,0.3333333333333333,0.0,1.0,0.0,0.0,1.0,0.0,0.0,1.0,1.0,0.0
0.37917222963951935,0.6142857142857143,0.38461538461538464,0.5555555555555556,0.0,19,0.3333333333333333,1.0,1.0,0.0,0.0,1.0,0.0,0.0,1.0,1.0,0.0
0.37917222963951935,0.6142857142857143,0.38461538461538464,0.7777777777777777,0.0,20,0.3333333333333333,0.0,1.0,0.0,0.0,1.0,0.0,0.0,1.0,1.0,0.0
0.37917222963951935,0.6142857142857143,0.38461538461538464,0.7777777777777777,0.0,18,0.3333333333333333,0.0,1.0,0.0,0.0,1.0,0.0,0.0,1.0,1.0,0.0
0.37917222963951935,0.7428571428571429,0.38461538461538464,0.7777777777777777,0.0,17,0.3333333333333333,0.0,0.5,0.0,0.0,1.0,0.0,0.0,1.0,1.0,0.0
0.8117489986648865,0.657142857142857,0.38461538461538464,0.6666666666666665,0.0,18,0.3333333333333333,0.0,1.0,1.0,1.0,1.0,0.0,0.0,1.0,1.0,0.0
0.8758344459279038,0.3714285714285714,0.23076923076923078,0.7777777777777777,0.0,20,0.3333333333333333,1.0,1.0,1.0,1.0,1.0,0.0,0.0,1.0,0.0,1.0
0.8758344459279038,0.6714285714285715,0.38461538461538464,0.7777777777777777,0.0,17,0.3333333333333333,0.0,1.0,0.0,0.0,1.0,0.0,0.0,1.0,0.0,1.0
0.9506008010680908,0.5142857142857142,0.38461538461538464,0.5555555555555556,0.0,16,0.3333333333333333,0.06666666666666668,1.0,1.0,1.0,1.0,0.0,0.0,1.0,0.0,1.0
0.9506008010680908,0.6714285714285715,0.38461538461538464,0.5555555555555556,0.0,15,0.3333333333333333,0.06666666666666668,1.0,1.0,1.0,1.0,0.0,0.0,1.0,0.0,1.0
0.2376502002670227,0.47142857142857136,0.23076923076923078,0.5555555555555556,0.0,19,0.6666666666666666,1.0,1.0,0.0,0.0,1.0,0.0,0.0,1.0,1.0,0.0
0.2376502002670227,0.6142857142857143,0.38461538461538464,0.5555555555555556,0.0,18,0.6666666666666666,1.0,1.0,0.0,0.0,1.0,0.0,0.0,1.0,1.0,0.0
0.2376502002670227,0.6142857142857143,0.38461538461538464,0.5555555555555556,0.0,18,0.6666666666666666,0.0,1.0,0.0,0.0,1.0,0.0,0.0,1.0,1.0,0.0
0.2376502002670227,0.6142857142857143,0.38461538461538464,0.7777777777777777,0.0,18,0.6666666666666666,0.0,1.0,0.0,0.0,1.0,0.0,0.0,1.0,1.0,0.0
0.2376502002670227,0.6142857142857143,0.38461538461538464,0.7777777777777777,0.0,17,0.6666666666666666,0.0,1.0,0.0,0.0,1.0,0.0,0.0,1.0,1.0,0.0
0.2376502002670227,0.7428571428571429,0.38461538461538464,0.7777777777777777,0.0,17,0.6666666666666666,0.0,0.5,0.0,0.0,1.0,0.0,0.0,1.0,1.0,0.0
0.31108144192256343,0.24285714285714288,0.23076923076923078,1.0,0.0,21,0.6666666666666666,0.06666666666666668,1.0,1.0,1.0,0.0,1.0,0.0,1.0,1.0,0.0
0.3177570093457944,0.35714285714285715,0.23076923076923078,1.0,0.0,18,0.6666666666666666,0.06666666666666668,1.0,1.0,1.0,0.0,1.0,0.0,1.0,1.0,0.0
0.3190921228304406,0.24285714285714288,0.23076923076923078,1.0,0.0,20,0.6666666666666666,0.06666666666666668,1.0,1.0,1.0,0.0,1.0,0.0,1.0,1.0,0.0
0.3190921228304406,0.3285714285714285,0.23076923076923078,0.5555555555555556,0.0,19,0.6666666666666666,0.06666666666666668,1.0,1.0,1.0,1.0,0.0,0.0,1.0,0.0,1.0
0.3190921228304406,0.35714285714285715,0.23076923076923078,1.0,0.0,19,0.6666666666666666,0.06666666666666668,1.0,1.0,1.0,0.0,1.0,0.0,1.0,1.0,0.0
0.3190921228304406,0.5714285714285714,0.38461538461538464,1.0,0.0,17,0.6666666666666666,0.06666666666666668,1.0,1.0,1.0,1.0,0.0,0.0,1.0,1.0,0.0
0.3204272363150868,0.5714285714285714,0.38461538461538464,1.0,0.0,17,0.6666666666666666,1.0,1.0,1.0,1.0,1.0,0.0,0.0,1.0,1.0,0.0
0.32176234979973295,0.3285714285714285,0.23076923076923078,0.5555555555555556,0.0,19,0.6666666666666666,1.0,1.0,1.0,1.0,1.0,0.0,0.0,1.0,0.0,1.0
0.3257676902536715,0.5714285714285714,0.38461538461538464,1.0,0.0,17,0.6666666666666666,1.0,1.0,1.0,1.0,1.0,0.0,0.0,1.0,1.0,0.0
0.32710280373831774,0.5714285714285714,0.38461538461538464,1.0,0.0,17,0.6666666666666666,0.06666666666666668,1.0,1.0,1.0,1.0,0.0,0.0,1.0,1.0,0.0
0.3311081441922563,0.24285714285714288,0.23076923076923078,1.0,0.0,21,0.6666666666666666,0.06666666666666668,1.0,1.0,1.0,0.0,1.0,0.0,1.0,1.0,0.0
0.3311081441922563,0.3285714285714285,0.23076923076923078,0.5555555555555556,0.0,20,0.6666666666666666,0.06666666666666668,1.0,1.0,1.0,1.0,0.0,0.0,1.0,0.0,1.0
0.3311081441922563,0.35714285714285715,0.23076923076923078,1.0,0.0,19,0.6666666666666666,0.06666666666666668,1.0,1.0,1.0,0.0,1.0,0.0,1.0,1.0,0.0
0.3311081441922563,0.5714285714285714,0.38461538461538464,1.0,0.0,18,0.6666666666666666,0.06666666666666668,1.0,1.0,1.0,1.0,0.0,0.0,1.0,1.0,0.0
0.3324432576769025,0.3285714285714285,0.23076923076923078,0.5555555555555556,0.0,20,0.6666666666666666,1.0,1.0,1.0,1.0,1.0,0.0,0.0,1.0,0.0,1.0
0.3324432576769025,0.5714285714285714,0.38461538461538464,1.0,0.0,18,0.6666666666666666,1.0,1.0,1.0,1.0,1.0,0.0,0.0,1.0,1.0,0.0
0.33377837116154874,0.35714285714285715,0.23076923076923078,1.0,0.0,16,0.6666666666666666,0.06666666666666668,1.0,1.0,1.0,0.0,1.0,0.0,1.0,1.0,0.0
0.3885180240320427,0.47142857142857136,0.23076923076923078,0.5555555555555556,0.0,19,0.6666666666666666,1.0,1.0,0.0,0.0,1.0,0.0,0.0,1.0,1.0,0.0
0.3885180240320427,0.6142857142857143,0.38461538461538464,0.5555555555555556,0.0,18,0.6666666666666666,1.0,1.0,0.0,0.0,1.0,0.0,0.0,1.0,1.0,0.0
0.3885180240320427,0.6142857142857143,0.38461538461538464,0.5555555555555556,0.0,18,0.6666666666666666,0.0,1.0,0.0,0.0,1.0,0.0,0.0,1.0,1.0,0.0
0.3885180240320427,0.6142857142857143,0.38461538461538464,0.7777777777777777,0.0,18,0.6666666666666666,0.0,1.0,0.0,0.0,1.0,0.0,0.0,1.0,1.0,0.0
0.3885180240320427,0.6142857142857143,0.38461538461538464,0.7777777777777777,0.0,17,0.6666666666666666,0.0,1.0,0.0,0.0,1.0,0.0,0.0,1.0,1.0,0.0
0.3885180240320427,0.7428571428571429,0.38461538461538464,0.7777777777777777,0.0,17,0.6666666666666666,0.0,0.5,0.0,0.0,1.0,0.0,0.0,1.0,1.0,0.0
0.4379172229639519,0.35714285714285715,0.23076923076923078,0.5555555555555556,0.0,21,1.0,0.0,1.0,1.0,1.0,1.0,0.0,0.0,1.0,1.0,0.0
0.8130841121495327,0.657142857142857,0.38461538461538464,0.6666666666666665,0.0,18,0.6666666666666666,0.0,1.0,1.0,1.0,1.0,0.0,0.0,1.0,1.0,0.0
0.8144192256341789,0.657142857142857,0.38461538461538464,0.6666666666666665,0.0,17,0.6666666666666666,0.0,1.0,1.0,1.0,1.0,0.0,0.0,1.0,1.0,0.0
0.87716955941255,0.3714285714285714,0.23076923076923078,0.7777777777777777,0.0,19,0.6666666666666666,1.0,1.0,1.0,1.0,1.0,0.0,0.0,1.0,0.0,1.0
0.87716955941255,0.6714285714285715,0.38461538461538464,0.5555555555555556,0.0,14,0.6666666666666666,0.0,1.0,0.0,0.0,1.0,0.0,0.0,1.0,0.0,1.0
0.87716955941255,0.6714285714285715,0.38461538461538464,0.7777777777777777,0.0,17,0.6666666666666666,0.0,1.0,0.0,0.0,1.0,0.0,0.0,1.0,0.0,1.0
0.951935914552737,0.5142857142857142,0.38461538461538464,0.5555555555555556,0.0,16,0.6666666666666666,0.06666666666666668,1.0,1.0,1.0,1.0,0.0,0.0,1.0,0.0,1.0
0.951935914552737,0.6714285714285715,0.38461538461538464,0.5555555555555556,0.0,14,0.6666666666666666,0.06666666666666668,1.0,1.0,1.0,1.0,0.0,0.0,1.0,0.0,1.0
0.9532710280373832,0.6714285714285715,0.38461538461538464,0.5555555555555556,0.0,15,0.6666666666666666,1.0,1.0,1.0,1.0,1.0,0.0,0.0,1.0,0.0,1.0
0.369826435246996,0.35714285714285715,0.23076923076923078,0.5555555555555556,0.0,16,0.3333333333333333,0.06666666666666668,1.0,1.0,1.0,0.0,1.0,0.0,1.0,1.0,0.0
0.369826435246996,0.38571428571428573,0.23076923076923078,0.5555555555555556,0.0,16,0.3333333333333333,0.06666666666666668,1.0,1.0,1.0,1.0,0.0,0.0,1.0,0.0,1.0
0.3658210947930574,0.38571428571428573,0.23076923076923078,0.5555555555555556,0.0,16,0.3333333333333333,1.0,1.0,1.0,1.0,1.0,0.0,0.0,1.0,0.0,1.0
0.21228304405874499,0.3714285714285714,0.23076923076923078,0.5555555555555556,0.0,17,0.0,0.0,1.0,1.0,1.0,1.0,0.0,0.0,1.0,1.0,0.0
0.2136181575433912,0.3714285714285714,0.23076923076923078,0.5555555555555556,0.0,17,0.0,0.0,1.0,1.0,1.0,1.0,0.0,0.0,1.0,1.0,0.0
0.19225634178905207,0.14285714285714285,0.07692307692307693,0.0,0.5,25,0.0,0.0,1.0,1.0,1.0,1.0,0.0,0.0,1.0,0.0,1.0
0.3671562082777036,0.21428571428571425,0.07692307692307693,0.5555555555555556,0.0,23,0.0,0.06666666666666668,1.0,1.0,1.0,1.0,0.0,0.0,1.0,0.0,1.0
0.3604806408544726,0.21428571428571425,0.07692307692307693,0.5555555555555556,0.0,23,0.0,1.0,1.0,1.0,1.0,1.0,0.0,0.0,1.0,0.0,1.0
0.36181575433911883,0.21428571428571425,0.07692307692307693,0.5555555555555556,0.0,22,0.0,1.0,1.0,1.0,1.0,1.0,0.0,0.0,1.0,0.0,1.0
0.363150867823765,0.21428571428571425,0.07692307692307693,0.5555555555555556,0.0,22,0.0,0.06666666666666668,1.0,1.0,1.0,1.0,0.0,0.0,1.0,0.0,1.0
0.3644859813084112,0.21428571428571425,0.07692307692307693,0.5555555555555556,0.0,22,0.0,1.0,1.0,1.0,1.0,1.0,0.0,0.0,1.0,0.0,1.0
0.3684913217623498,0.21428571428571425,0.07692307692307693,0.5555555555555556,0.0,22,0.0,0.06666666666666668,1.0,1.0,1.0,1.0,0.0,0.0,1.0,0.0,1.0
0.7316421895861148,0.14285714285714285,0.07692307692307693,0.6666666666666665,0.0,22,0.3333333333333333,0.0,0.5,1.0,1.0,0.0,1.0,0.0,1.0,1.0,0.0
0.732977303070761,0.14285714285714285,0.07692307692307693,0.6666666666666665,0.0,21,0.3333333333333333,0.0,0.5,1.0,1.0,0.0,1.0,0.0,1.0,1.0,0.0
0.794392523364486,0.14285714285714285,0.07692307692307693,0.0,0.5,25,0.0,0.0,1.0,1.0,1.0,1.0,0.0,0.0,1.0,0.0,1.0
0.7957276368491322,0.14285714285714285,0.07692307692307693,0.0,0.5,24,0.0,0.0,1.0,1.0,1.0,1.0,0.0,0.0,1.0,0.0,1.0
0.8785046728971962,0.19999999999999996,0.07692307692307693,0.8888888888888888,0.0,24,0.0,0.0,1.0,1.0,1.0,1.0,0.0,0.0,1.0,0.0,1.0
0.6061415220293724,0.38571428571428573,0.23076923076923078,0.5555555555555556,0.0,18,1.0,0.06666666666666668,1.0,1.0,1.0,1.0,0.0,0.0,1.0,0.0,1.0
0.21628838451268356,0.6142857142857143,0.38461538461538464,0.5555555555555556,0.0,17,0.3333333333333333,0.0,1.0,0.0,0.0,1.0,0.0,0.0,1.0,1.0,0.0
0.22429906542056074,0.3714285714285714,0.23076923076923078,0.7777777777777777,0.0,15,0.3333333333333333,0.0,1.0,1.0,1.0,1.0,0.0,0.0,1.0,1.0,0.0
0.2389853137516689,0.6142857142857143,0.38461538461538464,0.5555555555555556,0.0,17,0.6666666666666666,0.0,1.0,0.0,0.0,1.0,0.0,0.0,1.0,1.0,0.0
0.38050734312416556,0.6142857142857143,0.38461538461538464,0.5555555555555556,0.0,17,0.3333333333333333,0.0,1.0,0.0,0.0,1.0,0.0,0.0,1.0,1.0,0.0
0.3871829105473965,0.3714285714285714,0.23076923076923078,0.7777777777777777,0.0,15,0.3333333333333333,0.0,1.0,1.0,1.0,1.0,0.0,0.0,1.0,1.0,0.0
0.38985313751668893,0.6142857142857143,0.38461538461538464,0.5555555555555556,0.0,17,0.6666666666666666,0.0,1.0,0.0,0.0,1.0,0.0,0.0,1.0,1.0,0.0
0.2576769025367156,0.3714285714285714,0.23076923076923078,0.8888888888888888,0.0,22,0.0,0.0,1.0,1.0,1.0,1.0,0.0,0.0,1.0,0.0,1.0
0.2576769025367156,0.3714285714285714,0.23076923076923078,0.8888888888888888,0.0,22,0.0,0.0,1.0,1.0,1.0,1.0,0.0,0.0,1.0,0.0,1.0
0.27102803738317754,0.3714285714285714,0.23076923076923078,0.5555555555555556,0.0,20,0.0,0.0,1.0,1.0,1.0,1.0,0.0,0.0,1.0,0.0,1.0
0.27102803738317754,0.3714285714285714,0.23076923076923078,0.5555555555555556,0.0,20,0.0,1.0,1.0,1.0,1.0,1.0,0.0,0.0,1.0,0.0,1.0
0.43391188251001334,0.35714285714285715,0.23076923076923078,1.0,0.0,22,0.0,0.0,1.0,1.0,1.0,1.0,0.0,0.0,1.0,1.0,0.0
0.43391188251001334,0.35714285714285715,0.23076923076923078,0.8888888888888888,0.0,22,0.0,0.0,1.0,1.0,1.0,1.0,0.0,0.0,1.0,1.0,0.0
0.5380507343124166,0.3285714285714285,0.23076923076923078,0.5555555555555556,0.0,20,0.0,0.06666666666666668,1.0,1.0,1.0,1.0,0.0,0.0,1.0,1.0,0.0
0.5393858477970628,0.3285714285714285,0.23076923076923078,0.5555555555555556,0.0,21,0.0,0.06666666666666668,1.0,1.0,1.0,1.0,0.0,0.0,1.0,1.0,0.0
0.5407209612817089,0.3285714285714285,0.23076923076923078,0.5555555555555556,0.0,19,0.0,0.06666666666666668,1.0,1.0,1.0,1.0,0.0,0.0,1.0,1.0,0.0
0.9439252336448598,0.35714285714285715,0.23076923076923078,0.7777777777777777,0.0,22,0.0,0.06666666666666668,1.0,1.0,1.0,1.0,0.0,0.0,1.0,1.0,0.0
0.945260347129506,0.35714285714285715,0.23076923076923078,0.7777777777777777,0.0,20,1.0,0.06666666666666668,1.0,1.0,1.0,1.0,0.0,0.0,1.0,1.0,0.0
0.008010680907877168,0.35714285714285715,0.23076923076923078,0.8888888888888888,0.0,22,0.0,0.0,0.0,1.0,1.0,1.0,0.0,0.0,1.0,1.0,0.0
0.008010680907877168,0.35714285714285715,0.23076923076923078,0.8888888888888888,0.0,23,0.0,0.0,0.0,1.0,1.0,1.0,0.0,0.0,1.0,1.0,0.0
0.012016021361815754,0.35714285714285715,0.23076923076923078,0.5555555555555556,0.0,23,0.0,0.0,0.0,1.0,1.0,1.0,0.0,0.0,1.0,0.0,1.0
0.1802403204272363,0.057142857142857134,0.07692307692307693,0.5555555555555556,0.0,30,0.0,0.0,1.0,1.0,1.0,0.0,1.0,0.0,1.0,1.0,0.0
0.1802403204272363,0.057142857142857134,0.07692307692307693,0.5555555555555556,0.0,28,0.0,0.0,1.0,1.0,1.0,0.0,1.0,0.0,1.0,0.0,1.0
0.1842456608811749,0.21428571428571425,0.07692307692307693,0.5555555555555556,0.0,25,0.0,0.0,1.0,1.0,1.0,1.0,0.0,0.0,1.0,1.0,0.0
0.2069425901201602,0.3714285714285714,0.23076923076923078,0.7777777777777777,0.0,22,0.0,0.0,1.0,1.0,1.0,1.0,0.0,0.0,1.0,1.0,0.0
0.2349799732977303,0.07142857142857142,0.07692307692307693,0.5555555555555556,0.0,28,0.0,0.0,1.0,1.0,1.0,0.0,1.0,0.0,1.0,1.0,0.0
0.2349799732977303,0.14285714285714285,0.07692307692307693,0.8888888888888888,0.0,25,0.0,0.0,0.5,1.0,1.0,0.0,1.0,0.0,1.0,1.0,0.0
0.2523364485981308,0.057142857142857134,0.07692307692307693,0.5555555555555556,0.0,28,0.0,0.0,1.0,1.0,1.0,0.0,1.0,0.0,1.0,0.0,1.0
0.27236315086782376,0.19999999999999996,0.07692307692307693,0.3333333333333333,0.0,21,0.0,0.0,1.0,1.0,1.0,1.0,0.0,0.0,1.0,0.0,1.0
0.27236315086782376,0.3714285714285714,0.23076923076923078,0.5555555555555556,0.0,19,0.0,1.0,1.0,1.0,1.0,1.0,0.0,0.0,1.0,0.0,1.0
0.27770360480640854,0.057142857142857134,0.07692307692307693,0.5555555555555556,1.0,28,0.0,0.0,0.0,1.0,1.0,0.0,1.0,1.0,0.0,0.0,1.0
0.27770360480640854,0.19999999999999996,0.07692307692307693,0.8888888888888888,0.0,25,0.0,0.0,1.0,1.0,1.0,1.0,0.0,0.0,1.0,0.0,1.0
0.2910547396528705,0.0,0.0,0.5555555555555556,0.0,28,0.0,0.06666666666666668,1.0,1.0,1.0,0.0,1.0,0.0,1.0,1.0,0.0
0.29372496662216285,0.14285714285714285,0.07692307692307693,0.5555555555555556,0.0,24,0.0,0.06666666666666668,1.0,1.0,1.0,0.0,1.0,0.0,1.0,1.0,0.0
0.29372496662216285,0.14285714285714285,0.07692307692307693,0.5555555555555556,0.0,24,0.0,0.06666666666666668,1.0,1.0,1.0,0.0,1.0,0.0,1.0,1.0,0.0
0.29372496662216285,0.35714285714285715,0.23076923076923078,0.5555555555555556,0.0,20,0.0,0.06666666666666668,1.0,1.0,1.0,1.0,0.0,0.0,1.0,0.0,1.0
0.2963951935914553,0.07142857142857142,0.07692307692307693,0.5555555555555556,0.0,26,0.0,0.06666666666666668,1.0,1.0,1.0,0.0,1.0,0.0,1.0,1.0,0.0
0.2963951935914553,0.14285714285714285,0.07692307692307693,0.5555555555555556,0.0,24,0.0,0.06666666666666668,1.0,1.0,1.0,0.0,1.0,0.0,1.0,1.0,0.0
0.2963951935914553,0.21428571428571425,0.07692307692307693,0.5555555555555556,0.0,24,0.0,0.06666666666666668,1.0,1.0,1.0,1.0,0.0,0.0,1.0,0.0,1.0
0.2977303070761015,0.21428571428571425,0.07692307692307693,0.5555555555555556,0.0,24,0.0,1.0,1.0,1.0,1.0,1.0,0.0,0.0,1.0,0.0,1.0
0.39519359145527366,0.07142857142857142,0.07692307692307693,0.8888888888888888,0.0,28,0.0,0.0,1.0,1.0,1.0,0.0,1.0,0.0,1.0,1.0,0.0
0.39519359145527366,0.14285714285714285,0.07692307692307693,0.8888888888888888,0.0,24,0.0,0.0,0.5,1.0,1.0,0.0,1.0,0.0,1.0,1.0,0.0
0.42857142857142855,0.07142857142857142,0.07692307692307693,0.0,0.5,30,0.0,0.0,1.0,1.0,1.0,0.0,1.0,0.0,1.0,1.0,0.0
0.42857142857142855,0.19999999999999996,0.07692307692307693,0.0,0.5,28,0.0,0.0,1.0,1.0,1.0,1.0,0.0,0.0,1.0,1.0,0.0
0.4365821094793057,0.35714285714285715,0.23076923076923078,0.5555555555555556,0.0,22,0.0,0.0,1.0,1.0,1.0,1.0,0.0,0.0,1.0,1.0,0.0
0.4365821094793057,0.35714285714285715,0.23076923076923078,0.8888888888888888,0.0,23,0.0,0.0,1.0,1.0,1.0,1.0,0.0,0.0,1.0,1.0,0.0
0.40587449933244324,0.3285714285714285,0.23076923076923078,0.5555555555555556,0.0,21,0.0,0.06666666666666668,1.0,1.0,1.0,1.0,0.0,0.0,1.0,1.0,0.0
0.40854472630173566,0.14285714285714285,0.07692307692307693,0.5555555555555556,0.0,23,0.0,0.06666666666666668,1.0,1.0,1.0,0.0,1.0,0.0,1.0,1.0,0.0
0.40854472630173566,0.19999999999999996,0.07692307692307693,0.5555555555555556,0.0,24,0.0,0.06666666666666668,1.0,1.0,1.0,1.0,0.0,0.0,1.0,1.0,0.0
0.411214953271028,0.14285714285714285,0.07692307692307693,0.5555555555555556,0.0,23,0.0,0.06666666666666668,1.0,1.0,1.0,0.0,1.0,0.0,1.0,1.0,0.0
0.4138851802403204,0.3285714285714285,0.23076923076923078,0.5555555555555556,0.0,20,0.0,0.06666666666666668,1.0,1.0,1.0,1.0,0.0,0.0,1.0,1.0,0.0
0.4192256341789052,0.08571428571428572,0.07692307692307693,0.6666666666666665,1.0,27,0.0,0.06666666666666668,1.0,1.0,1.0,0.0,1.0,1.0,0.0,1.0,0.0
0.4192256341789052,0.14285714285714285,0.07692307692307693,0.5555555555555556,0.0,26,0.0,0.06666666666666668,1.0,1.0,1.0,1.0,0.0,0.0,1.0,1.0,0.0
0.4192256341789052,0.19999999999999996,0.07692307692307693,0.5555555555555556,0.0,24,0.0,0.06666666666666668,1.0,1.0,1.0,1.0,0.0,0.0,1.0,1.0,0.0
0.46194926568758343,0.35714285714285715,0.23076923076923078,0.6666666666666665,0.5,22,0.0,0.06666666666666668,0.0,1.0,1.0,1.0,0.0,0.0,1.0,1.0,0.0
0.5060080106809078,0.19999999999999996,0.07692307692307693,0.8888888888888888,0.0,25,0.0,0.0,1.0,1.0,1.0,1.0,0.0,0.0,1.0,0.0,1.0
0.5060080106809078,0.19999999999999996,0.07692307692307693,0.8888888888888888,0.0,25,0.0,1.0,1.0,1.0,1.0,1.0,0.0,0.0,1.0,0.0,1.0
0.5060080106809078,0.3142857142857143,0.23076923076923078,0.8888888888888888,0.0,24,0.0,0.0,1.0,1.0,1.0,1.0,0.0,0.0,1.0,0.0,1.0
0.5086782376502003,0.19999999999999996,0.07692307692307693,0.5555555555555556,0.0,25,0.0,0.0,1.0,1.0,1.0,1.0,0.0,0.0,1.0,0.0,1.0
0.5086782376502003,0.19999999999999996,0.07692307692307693,0.5555555555555556,1.0,26,0.0,0.0,1.0,1.0,1.0,1.0,0.0,1.0,0.0,0.0,1.0
0.5180240320427236,0.057142857142857134,0.07692307692307693,0.5555555555555556,1.0,26,0.0,0.0,0.0,1.0,1.0,0.0,1.0,1.0,0.0,0.0,1.0
0.5180240320427236,0.19999999999999996,0.07692307692307693,0.8888888888888888,0.0,25,0.0,1.0,1.0,1.0,1.0,1.0,0.0,0.0,1.0,0.0,1.0
0.5447263017356475,0.14285714285714285,0.07692307692307693,0.5555555555555556,0.0,23,0.0,0.06666666666666668,1.0,1.0,1.0,0.0,1.0,0.0,1.0,1.0,0.0
0.5447263017356475,0.19999999999999996,0.07692307692307693,0.5555555555555556,0.0,24,0.0,0.06666666666666668,1.0,1.0,1.0,1.0,0.0,0.0,1.0,1.0,0.0
0.5447263017356475,0.3285714285714285,0.23076923076923078,0.5555555555555556,0.0,20,0.0,0.06666666666666668,1.0,1.0,1.0,1.0,0.0,0.0,1.0,1.0,0.0
0.5500667556742322,0.19999999999999996,0.07692307692307693,0.5555555555555556,0.0,26,0.0,0.06666666666666668,1.0,1.0,1.0,1.0,0.0,0.0,1.0,1.0,0.0
0.5514018691588785,0.14285714285714285,0.07692307692307693,0.5555555555555556,0.0,23,0.0,0.06666666666666668,1.0,1.0,1.0,0.0,1.0,0.0,1.0,1.0,0.0
0.5514018691588785,0.19999999999999996,0.07692307692307693,0.5555555555555556,0.0,25,0.0,0.06666666666666668,1.0,1.0,1.0,1.0,0.0,0.0,1.0,1.0,0.0
0.5781041388518023,0.14285714285714285,0.07692307692307693,0.5555555555555556,0.0,25,0.0,0.06666666666666668,0.5,1.0,1.0,0.0,1.0,0.0,1.0,1.0,0.0
0.6021361815754339,0.14285714285714285,0.07692307692307693,0.5555555555555556,0.0,23,0.0,0.06666666666666668,1.0,1.0,1.0,0.0,1.0,0.0,1.0,1.0,0.0
0.6088117489986649,0.24285714285714288,0.23076923076923078,0.5555555555555556,0.0,20,0.0,0.06666666666666668,1.0,1.0,1.0,0.0,1.0,0.0,1.0,1.0,0.0
0.6088117489986649,0.38571428571428573,0.23076923076923078,0.5555555555555556,0.0,20,0.0,0.06666666666666668,1.0,1.0,1.0,1.0,0.0,0.0,1.0,0.0,1.0
0.6341789052069425,0.21428571428571425,0.07692307692307693,0.5555555555555556,0.0,28,0.0,0.0,1.0,1.0,1.0,1.0,0.0,0.0,1.0,1.0,0.0
0.636849132176235,0.21428571428571425,0.07692307692307693,0.5555555555555556,0.0,24,0.0,0.0,1.0,1.0,1.0,0.0,1.0,0.0,1.0,1.0,0.0
0.7182910547396528,0.14285714285714285,0.07692307692307693,0.6666666666666665,1.0,27,0.0,0.0,0.5,1.0,1.0,0.0,1.0,0.0,1.0,1.0,0.0
0.7209612817089452,0.14285714285714285,0.07692307692307693,0.8888888888888888,0.0,24,0.3333333333333333,0.0,0.5,1.0,1.0,0.0,1.0,0.0,1.0,1.0,0.0
0.7703604806408545,0.19999999999999996,0.07692307692307693,0.5555555555555556,0.5,27,0.0,0.0,1.0,1.0,1.0,1.0,0.0,0.0,1.0,0.0,1.0
0.7730307076101468,0.14285714285714285,0.07692307692307693,0.5555555555555556,0.5,27,0.0,0.0,1.0,1.0,1.0,1.0,0.0,0.0,1.0,0.0,1.0
0.7730307076101468,0.14285714285714285,0.07692307692307693,0.4444444444444445,1.0,25,0.0,0.0,1.0,1.0,1.0,1.0,0.0,1.0,0.0,0.0,1.0
0.7730307076101468,0.19999999999999996,0.07692307692307693,0.5555555555555556,0.5,25,0.0,0.0,1.0,1.0,1.0,1.0,0.0,0.0,1.0,0.0,1.0
0.7970627503337784,0.35714285714285715,0.23076923076923078,0.0,0.5,23,0.0,0.06666666666666668,1.0,1.0,1.0,1.0,0.0,0.0,1.0,1.0,0.0
0.8037383177570093,0.21428571428571425,0.07692307692307693,0.0,0.5,29,0.0,0.0,1.0,1.0,1.0,1.0,0.0,0.0,1.0,0.0,1.0
0.8050734312416555,0.14285714285714285,0.07692307692307693,0.6666666666666665,0.5,34,0.0,0.0,1.0,1.0,1.0,1.0,0.0,0.0,1.0,1.0,0.0
0.9225634178905207,0.24285714285714288,0.07692307692307693,0.5555555555555556,0.0,22,0.0,0.06666666666666668,1.0,1.0,1.0,1.0,0.0,0.0,1.0,0.0,1.0
0.9225634178905207,0.35714285714285715,0.23076923076923078,0.7777777777777777,0.0,23,0.0,0.06666666666666668,1.0,1.0,1.0,1.0,0.0,0.0,1.0,1.0,0.0
0.9265687583444593,0.35714285714285715,0.23076923076923078,0.7777777777777777,0.0,23,0.0,0.06666666666666668,1.0,1.0,1.0,1.0,0.0,0.0,1.0,1.0,0.0
0.9332443257676902,0.21428571428571425,0.07692307692307693,0.5555555555555556,0.0,25,0.0,0.06666666666666668,1.0,1.0,1.0,1.0,0.0,0.0,1.0,0.0,1.0
0.9372496662216289,0.21428571428571425,0.07692307692307693,0.5555555555555556,0.0,26,0.0,0.06666666666666668,1.0,1.0,1.0,1.0,0.0,0.0,1.0,0.0,1.0
0.9572763684913217,0.14285714285714285,0.07692307692307693,0.7777777777777777,0.0,24,0.0,0.06666666666666668,1.0,1.0,1.0,0.0,1.0,0.0,1.0,1.0,0.0
0.9572763684913217,0.3714285714285714,0.23076923076923078,0.7777777777777777,0.0,20,0.0,0.06666666666666668,1.0,1.0,1.0,1.0,0.0,0.0,1.0,1.0,0.0
0.9719626168224299,0.14285714285714285,0.07692307692307693,0.7777777777777777,0.0,24,0.0,0.06666666666666668,1.0,1.0,1.0,0.0,1.0,0.0,1.0,1.0,0.0
0.9746328437917222,0.14285714285714285,0.07692307692307693,0.5555555555555556,0.0,23,0.0,0.06666666666666668,0.0,1.0,1.0,0.0,1.0,0.0,1.0,1.0,0.0
0.006675567423230975,0.35714285714285715,0.23076923076923078,0.8888888888888888,0.0,22,1.0,0.0,0.0,1.0,1.0,1.0,0.0,0.0,1.0,1.0,0.0
0.006675567423230975,0.35714285714285715,0.23076923076923078,0.8888888888888888,0.0,21,1.0,0.0,0.0,1.0,1.0,1.0,0.0,0.0,1.0,1.0,0.0
0.010680907877169559,0.35714285714285715,0.23076923076923078,0.5555555555555556,0.0,22,1.0,0.0,0.0,1.0,1.0,1.0,0.0,0.0,1.0,0.0,1.0
0.004005340453938584,0.14285714285714285,0.07692307692307693,0.7777777777777777,0.0,24,1.0,0.0,0.0,1.0,1.0,0.0,1.0,0.0,1.0,1.0,0.0
0.042723631508678236,0.14285714285714285,0.07692307692307693,0.6666666666666665,0.0,25,1.0,0.06666666666666668,0.0,1.0,1.0,0.0,1.0,0.0,1.0,1.0,0.0
0.06542056074766354,0.2857142857142857,0.23076923076923078,0.7777777777777777,1.0,21,1.0,0.06666666666666668,0.0,1.0,1.0,0.0,1.0,0.0,1.0,1.0,0.0
0.15220293724966621,0.2857142857142857,0.23076923076923078,0.7777777777777777,0.0,23,1.0,0.0,0.0,1.0,1.0,0.0,1.0,0.0,1.0,1.0,0.0
0.15353805073431243,0.14285714285714285,0.07692307692307693,0.7777777777777777,0.0,25,1.0,0.0,0.0,1.0,1.0,0.0,1.0,0.0,1.0,1.0,0.0
0.1548731642189586,0.2857142857142857,0.23076923076923078,0.7777777777777777,0.0,21,1.0,0.0,0.0,1.0,1.0,0.0,1.0,0.0,1.0,1.0,0.0
0.1562082777036048,0.14285714285714285,0.07692307692307693,0.7777777777777777,0.0,23,1.0,0.0,0.0,1.0,1.0,0.0,1.0,0.0,1.0,1.0,0.0
0.1815754339118825,0.057142857142857134,0.07692307692307693,0.5555555555555556,0.0,27,1.0,0.0,1.0,1.0,1.0,0.0,1.0,0.0,1.0,0.0,1.0
0.1815754339118825,0.057142857142857134,0.07692307692307693,0.5555555555555556,0.0,28,1.0,0.0,1.0,1.0,1.0,0.0,1.0,0.0,1.0,1.0,0.0
0.1829105473965287,0.14285714285714285,0.07692307692307693,0.5555555555555556,0.0,22,1.0,0.0,0.5,1.0,1.0,0.0,1.0,0.0,1.0,1.0,0.0
0.1829105473965287,0.21428571428571425,0.07692307692307693,0.5555555555555556,0.0,24,1.0,0.0,1.0,1.0,1.0,1.0,0.0,0.0,1.0,1.0,0.0
0.2082777036048064,0.3714285714285714,0.23076923076923078,0.7777777777777777,0.0,21,1.0,0.0,1.0,1.0,1.0,1.0,0.0,0.0,1.0,1.0,0.0
0.2336448598130841,0.07142857142857142,0.07692307692307693,0.5555555555555556,0.0,26,1.0,0.0,1.0,1.0,1.0,0.0,1.0,0.0,1.0,1.0,0.0
0.2336448598130841,0.14285714285714285,0.07692307692307693,0.8888888888888888,0.0,24,1.0,0.0,0.5,1.0,1.0,0.0,1.0,0.0,1.0,1.0,0.0
0.253671562082777,0.057142857142857134,0.07692307692307693,0.5555555555555556,0.0,27,1.0,0.0,1.0,1.0,1.0,0.0,1.0,0.0,1.0,0.0,1.0
0.27369826435246997,0.3714285714285714,0.23076923076923078,0.5555555555555556,0.0,19,1.0,0.0,1.0,1.0,1.0,1.0,0.0,0.0,1.0,0.0,1.0
0.27903871829105475,0.19999999999999996,0.07692307692307693,0.8888888888888888,0.0,24,1.0,0.0,1.0,1.0,1.0,1.0,0.0,0.0,1.0,0.0,1.0
0.2897196261682243,0.14285714285714285,0.07692307692307693,0.5555555555555556,0.0,25,1.0,0.06666666666666668,1.0,1.0,1.0,1.0,0.0,0.0,1.0,1.0,0.0
0.2923898531375167,0.14285714285714285,0.07692307692307693,0.5555555555555556,0.0,23,1.0,0.06666666666666668,1.0,1.0,1.0,0.0,1.0,0.0,1.0,1.0,0.0
0.2923898531375167,0.24285714285714288,0.23076923076923078,0.5555555555555556,0.0,20,1.0,0.06666666666666668,1.0,1.0,1.0,0.0,1.0,0.0,1.0,1.0,0.0
0.2923898531375167,0.35714285714285715,0.23076923076923078,0.5555555555555556,0.0,19,1.0,0.06666666666666668,1.0,1.0,1.0,1.0,0.0,0.0,1.0,0.0,1.0
0.29506008010680906,0.07142857142857142,0.07692307692307693,0.5555555555555556,0.0,24,1.0,0.06666666666666668,1.0,1.0,1.0,0.0,1.0,0.0,1.0,1.0,0.0
0.29506008010680906,0.14285714285714285,0.07692307692307693,0.5555555555555556,0.0,23,1.0,0.06666666666666668,1.0,1.0,1.0,0.0,1.0,0.0,1.0,1.0,0.0
0.3938584779706275,0.07142857142857142,0.07692307692307693,0.8888888888888888,0.0,26,1.0,0.0,1.0,1.0,1.0,0.0,1.0,0.0,1.0,1.0,0.0
0.3938584779706275,0.14285714285714285,0.07692307692307693,0.8888888888888888,0.0,23,1.0,0.0,0.5,1.0,1.0,0.0,1.0,0.0,1.0,1.0,0.0
0.4272363150867824,0.07142857142857142,0.07692307692307693,0.0,0.5,29,1.0,0.0,1.0,1.0,1.0,0.0,1.0,0.0,1.0,1.0,0.0
0.4272363150867824,0.19999999999999996,0.07692307692307693,0.0,0.5,27,1.0,0.0,1.0,1.0,1.0,1.0,0.0,0.0,1.0,1.0,0.0
0.43524699599465955,0.35714285714285715,0.23076923076923078,0.5555555555555556,0.0,21,1.0,0.0,1.0,1.0,1.0,1.0,0.0,0.0,1.0,1.0,0.0
0.43524699599465955,0.35714285714285715,0.23076923076923078,0.8888888888888888,0.0,22,1.0,0.0,1.0,1.0,1.0,1.0,0.0,0.0,1.0,1.0,0.0
0.40453938584779703,0.3285714285714285,0.23076923076923078,0.5555555555555556,0.0,20,1.0,0.06666666666666668,1.0,1.0,1.0,1.0,0.0,0.0,1.0,1.0,0.0
0.40720961281708945,0.14285714285714285,0.07692307692307693,0.5555555555555556,0.0,22,1.0,0.06666666666666668,1.0,1.0,1.0,0.0,1.0,0.0,1.0,1.0,0.0
0.40720961281708945,0.19999999999999996,0.07692307692307693,0.5555555555555556,0.0,22,1.0,0.06666666666666668,1.0,1.0,1.0,1.0,0.0,0.0,1.0,1.0,0.0
0.4098798397863818,0.14285714285714285,0.07692307692307693,0.5555555555555556,0.0,21,1.0,0.06666666666666668,1.0,1.0,1.0,0.0,1.0,0.0,1.0,1.0,0.0
0.41255006675567424,0.3285714285714285,0.23076923076923078,0.5555555555555556,0.0,19,1.0,0.06666666666666668,1.0,1.0,1.0,1.0,0.0,0.0,1.0,1.0,0.0
0.417890520694259,0.08571428571428572,0.07692307692307693,0.6666666666666665,1.0,25,1.0,0.06666666666666668,1.0,1.0,1.0,0.0,1.0,1.0,0.0,1.0,0.0
0.417890520694259,0.14285714285714285,0.07692307692307693,0.5555555555555556,0.0,23,1.0,0.06666666666666668,1.0,1.0,1.0,1.0,0.0,0.0,1.0,1.0,0.0
0.417890520694259,0.19999999999999996,0.07692307692307693,0.5555555555555556,0.0,22,1.0,0.06666666666666668,1.0,1.0,1.0,1.0,0.0,0.0,1.0,1.0,0.0
0.4606141522029372,0.35714285714285715,0.23076923076923078,0.6666666666666665,0.5,22,1.0,0.06666666666666668,0.0,1.0,1.0,1.0,0.0,0.0,1.0,1.0,0.0
0.465954606141522,0.14285714285714285,0.07692307692307693,0.7777777777777777,0.0,24,1.0,0.06666666666666668,0.0,1.0,1.0,0.0,1.0,0.0,1.0,1.0,0.0
0.465954606141522,0.2857142857142857,0.23076923076923078,0.7777777777777777,0.0,20,1.0,0.06666666666666668,0.0,1.0,1.0,0.0,1.0,0.0,1.0,1.0,0.0
0.4672897196261682,0.14285714285714285,0.07692307692307693,0.7777777777777777,0.0,24,1.0,0.06666666666666668,0.0,1.0,1.0,0.0,1.0,0.0,1.0,1.0,0.0
0.48464619492656874,0.14285714285714285,0.07692307692307693,0.8888888888888888,0.0,24,1.0,0.06666666666666668,0.0,1.0,1.0,0.0,1.0,0.0,1.0,1.0,0.0
0.48598130841121495,0.14285714285714285,0.07692307692307693,0.8888888888888888,0.0,23,1.0,0.06666666666666668,0.0,1.0,1.0,0.0,1.0,0.0,1.0,1.0,0.0
0.5033377837116155,0.19999999999999996,0.07692307692307693,0.8888888888888888,0.0,23,1.0,0.0,1.0,1.0,1.0,1.0,0.0,0.0,1.0,0.0,1.0
0.5033377837116155,0.19999999999999996,0.07692307692307693,0.8888888888888888,0.0,23,1.0,1.0,1.0,1.0,1.0,1.0,0.0,0.0,1.0,0.0,1.0
0.5033377837116155,0.3142857142857143,0.23076923076923078,0.8888888888888888,0.0,23,1.0,0.0,1.0,1.0,1.0,1.0,0.0,0.0,1.0,0.0,1.0
0.5046728971962616,0.19999999999999996,0.07692307692307693,0.8888888888888888,0.0,23,0.6666666666666666,0.0,1.0,1.0,1.0,1.0,0.0,0.0,1.0,0.0,1.0
0.5046728971962616,0.3142857142857143,0.23076923076923078,0.8888888888888888,0.0,21,0.6666666666666666,0.0,1.0,1.0,1.0,1.0,0.0,0.0,1.0,0.0,1.0
0.507343124165554,0.19999999999999996,0.07692307692307693,0.8888888888888888,0.0,22,0.6666666666666666,0.0,1.0,1.0,1.0,1.0,0.0,0.0,1.0,0.0,1.0
0.507343124165554,0.3142857142857143,0.23076923076923078,0.8888888888888888,0.0,21,0.6666666666666666,0.0,1.0,1.0,1.0,1.0,0.0,0.0,1.0,0.0,1.0
0.5100133511348465,0.19999999999999996,0.07692307692307693,0.8888888888888888,0.0,25,1.0,0.0,1.0,1.0,1.0,1.0,0.0,0.0,1.0,0.0,1.0
0.5100133511348465,0.19999999999999996,0.07692307692307693,0.5555555555555556,1.0,25,1.0,0.0,1.0,1.0,1.0,1.0,0.0,1.0,0.0,0.0,1.0
0.5166889185580774,0.3714285714285714,0.23076923076923078,0.7777777777777777,0.0,20,0.6666666666666666,0.0,1.0,1.0,1.0,1.0,0.0,0.0,1.0,0.0,1.0
0.5166889185580774,0.3714285714285714,0.23076923076923078,0.5555555555555556,1.0,19,0.6666666666666666,0.0,1.0,1.0,1.0,1.0,0.0,1.0,0.0,0.0,1.0
0.5193591455273698,0.057142857142857134,0.07692307692307693,0.5555555555555556,1.0,26,1.0,0.0,0.0,1.0,1.0,0.0,1.0,1.0,0.0,0.0,1.0
0.5193591455273698,0.19999999999999996,0.07692307692307693,0.8888888888888888,0.0,24,1.0,0.0,1.0,1.0,1.0,1.0,0.0,0.0,1.0,0.0,1.0
0.520694259012016,0.3714285714285714,0.23076923076923078,0.4444444444444445,0.0,18,0.6666666666666666,0.0,1.0,1.0,1.0,1.0,0.0,0.0,1.0,0.0,1.0
0.520694259012016,0.3714285714285714,0.23076923076923078,0.5555555555555556,1.0,18,0.6666666666666666,0.0,1.0,1.0,1.0,1.0,0.0,1.0,0.0,0.0,1.0
0.5220293724966621,0.3714285714285714,0.23076923076923078,0.4444444444444445,0.0,18,0.6666666666666666,0.0,1.0,1.0,1.0,1.0,0.0,0.0,1.0,0.0,1.0
0.5220293724966621,0.3714285714285714,0.23076923076923078,0.5555555555555556,1.0,18,0.6666666666666666,0.0,1.0,1.0,1.0,1.0,0.0,1.0,0.0,0.0,1.0
0.5420560747663551,0.14285714285714285,0.07692307692307693,0.5555555555555556,0.0,22,1.0,0.06666666666666668,1.0,1.0,1.0,0.0,1.0,0.0,1.0,1.0,0.0
0.5420560747663551,0.19999999999999996,0.07692307692307693,0.5555555555555556,0.0,22,1.0,0.06666666666666668,1.0,1.0,1.0,1.0,0.0,0.0,1.0,1.0,0.0
0.5420560747663551,0.3285714285714285,0.23076923076923078,0.5555555555555556,0.0,19,1.0,0.06666666666666668,1.0,1.0,1.0,1.0,0.0,0.0,1.0,1.0,0.0
0.5433911882510013,0.3285714285714285,0.23076923076923078,0.5555555555555556,0.0,21,1.0,0.06666666666666668,1.0,1.0,1.0,1.0,0.0,0.0,1.0,1.0,0.0
0.5473965287049399,0.14285714285714285,0.07692307692307693,0.5555555555555556,0.0,21,1.0,0.06666666666666668,1.0,1.0,1.0,0.0,1.0,0.0,1.0,1.0,0.0
0.5473965287049399,0.19999999999999996,0.07692307692307693,0.5555555555555556,0.0,23,1.0,0.06666666666666668,1.0,1.0,1.0,1.0,0.0,0.0,1.0,1.0,0.0
0.5487316421895861,0.19999999999999996,0.07692307692307693,0.5555555555555556,0.0,22,1.0,0.06666666666666668,1.0,1.0,1.0,1.0,0.0,0.0,1.0,1.0,0.0
0.5941255006675568,0.14285714285714285,0.07692307692307693,0.8888888888888888,0.0,24,1.0,0.06666666666666668,0.0,1.0,1.0,0.0,1.0,0.0,1.0,1.0,0.0
0.595460614152203,0.14285714285714285,0.07692307692307693,0.8888888888888888,0.0,24,1.0,0.06666666666666668,0.0,1.0,1.0,0.0,1.0,0.0,1.0,1.0,0.0
0.5967957276368491,0.14285714285714285,0.07692307692307693,0.7777777777777777,0.0,23,1.0,0.06666666666666668,0.0,1.0,1.0,0.0,1.0,0.0,1.0,1.0,0.0
0.5967957276368491,0.2857142857142857,0.23076923076923078,0.7777777777777777,0.0,20,1.0,0.06666666666666668,0.0,1.0,1.0,0.0,1.0,0.0,1.0,1.0,0.0
0.5794392523364486,0.14285714285714285,0.07692307692307693,0.5555555555555556,0.0,24,1.0,0.06666666666666668,0.5,1.0,1.0,0.0,1.0,0.0,1.0,1.0,0.0
0.5807743658210948,0.14285714285714285,0.07692307692307693,0.5555555555555556,0.0,24,1.0,0.06666666666666668,0.5,1.0,1.0,0.0,1.0,0.0,1.0,1.0,0.0
0.582109479305741,0.21428571428571425,0.07692307692307693,0.5555555555555556,0.5,31,1.0,0.06666666666666668,1.0,1.0,1.0,1.0,0.0,1.0,0.0,0.0,1.0
0.6008010680907877,0.14285714285714285,0.07692307692307693,0.5555555555555556,0.0,22,1.0,0.06666666666666668,1.0,1.0,1.0,0.0,1.0,0.0,1.0,1.0,0.0
0.6008010680907877,0.14285714285714285,0.07692307692307693,0.5555555555555556,0.0,21,1.0,0.06666666666666668,1.0,1.0,1.0,0.0,1.0,0.0,1.0,1.0,0.0
0.6008010680907877,0.18571428571428567,0.07692307692307693,0.5555555555555556,0.0,20,1.0,0.06666666666666668,1.0,1.0,1.0,0.0,1.0,0.0,1.0,1.0,0.0
0.6074766355140186,0.24285714285714288,0.23076923076923078,0.5555555555555556,0.0,19,1.0,0.06666666666666668,1.0,1.0,1.0,0.0,1.0,0.0,1.0,1.0,0.0
0.6074766355140186,0.38571428571428573,0.23076923076923078,0.5555555555555556,0.0,19,1.0,0.06666666666666668,1.0,1.0,1.0,1.0,0.0,0.0,1.0,0.0,1.0
0.6355140186915887,0.21428571428571425,0.07692307692307693,0.5555555555555556,0.0,26,0.6666666666666666,0.0,1.0,1.0,1.0,1.0,0.0,0.0,1.0,1.0,0.0
0.6381842456608812,0.21428571428571425,0.07692307692307693,0.5555555555555556,0.0,23,0.6666666666666666,0.0,1.0,1.0,1.0,0.0,1.0,0.0,1.0,1.0,0.0
0.6675567423230975,0.2857142857142857,0.23076923076923078,0.8888888888888888,0.0,20,0.6666666666666666,0.0,0.5,1.0,1.0,0.0,1.0,0.0,1.0,1.0,0.0
0.6688918558077437,0.2857142857142857,0.23076923076923078,0.8888888888888888,0.0,20,0.6666666666666666,0.0,0.5,1.0,1.0,0.0,1.0,0.0,1.0,1.0,0.0
0.719626168224299,0.14285714285714285,0.07692307692307693,0.6666666666666665,1.0,26,0.6666666666666666,1.0,0.5,1.0,1.0,0.0,1.0,0.0,1.0,1.0,0.0
0.719626168224299,0.14285714285714285,0.07692307692307693,0.6666666666666665,1.0,26,0.6666666666666666,0.0,0.5,1.0,1.0,0.0,1.0,0.0,1.0,1.0,0.0
0.7222963951935915,0.14285714285714285,0.07692307692307693,0.8888888888888888,0.0,24,0.6666666666666666,0.0,0.5,1.0,1.0,0.0,1.0,0.0,1.0,1.0,0.0
0.7236315086782377,0.14285714285714285,0.07692307692307693,0.8888888888888888,0.0,24,0.6666666666666666,0.0,0.5,1.0,1.0,0.0,1.0,0.0,1.0,1.0,0.0
0.7716955941255006,0.19999999999999996,0.07692307692307693,0.5555555555555556,0.5,26,0.6666666666666666,0.0,1.0,1.0,1.0,1.0,0.0,0.0,1.0,0.0,1.0
0.7716955941255006,0.2857142857142857,0.23076923076923078,0.5555555555555556,0.0,22,0.6666666666666666,0.0,0.0,1.0,1.0,1.0,0.0,0.0,1.0,0.0,1.0
0.774365821094793,0.14285714285714285,0.07692307692307693,0.5555555555555556,0.5,26,0.6666666666666666,0.0,1.0,1.0,1.0,1.0,0.0,0.0,1.0,0.0,1.0
0.774365821094793,0.19999999999999996,0.07692307692307693,0.5555555555555556,0.5,25,0.6666666666666666,0.0,1.0,1.0,1.0,1.0,0.0,0.0,1.0,0.0,1.0
0.7983978638184246,0.35714285714285715,0.23076923076923078,0.0,0.5,22,0.6666666666666666,0.06666666666666668,1.0,1.0,1.0,1.0,0.0,0.0,1.0,1.0,0.0
0.7997329773030707,0.35714285714285715,0.23076923076923078,0.0,0.5,21,0.6666666666666666,0.06666666666666668,1.0,1.0,1.0,1.0,0.0,0.0,1.0,1.0,0.0
0.8010680907877169,0.21428571428571425,0.07692307692307693,0.0,0.5,27,1.0,0.0,1.0,1.0,1.0,1.0,0.0,0.0,1.0,0.0,1.0
0.8024032042723631,0.14285714285714285,0.07692307692307693,0.6666666666666665,0.5,33,1.0,0.0,1.0,1.0,1.0,1.0,0.0,0.0,1.0,1.0,0.0
0.8611481975967957,0.14285714285714285,0.07692307692307693,0.6666666666666665,1.0,22,1.0,0.0,0.5,1.0,1.0,0.0,1.0,1.0,0.0,1.0,0.0
0.8624833110814419,0.2857142857142857,0.23076923076923078,0.6666666666666665,1.0,19,1.0,0.0,0.5,1.0,1.0,0.0,1.0,1.0,0.0,1.0,0.0
0.863818424566088,0.2857142857142857,0.23076923076923078,0.6666666666666665,1.0,19,1.0,0.0,0.5,1.0,1.0,0.0,1.0,1.0,0.0,1.0,0.0
0.8651535380507342,0.3714285714285714,0.23076923076923078,0.6666666666666665,1.0,19,1.0,0.0,0.0,1.0,1.0,0.0,1.0,1.0,0.0,1.0,0.0
0.890520694259012,0.14285714285714285,0.07692307692307693,0.6666666666666665,0.5,29,1.0,0.0,1.0,1.0,1.0,1.0,0.0,0.0,1.0,1.0,0.0
0.890520694259012,0.14285714285714285,0.07692307692307693,0.5555555555555556,1.0,25,1.0,0.0,1.0,1.0,1.0,1.0,0.0,1.0,0.0,1.0,0.0
0.8918558077436581,0.14285714285714285,0.07692307692307693,0.7777777777777777,0.5,25,1.0,0.0,0.0,1.0,1.0,0.0,1.0,0.0,1.0,1.0,0.0
0.8918558077436581,0.21428571428571425,0.07692307692307693,0.5555555555555556,0.5,28,1.0,0.0,1.0,1.0,1.0,1.0,0.0,0.0,1.0,0.0,1.0
0.8918558077436581,0.21428571428571425,0.07692307692307693,0.5555555555555556,1.0,24,1.0,0.0,1.0,1.0,1.0,1.0,0.0,1.0,0.0,0.0,1.0
0.8998664886515354,0.21428571428571425,0.07692307692307693,0.6666666666666665,0.5,28,1.0,0.0,1.0,1.0,1.0,1.0,0.0,0.0,1.0,0.0,1.0
0.8998664886515354,0.3714285714285714,0.23076923076923078,0.5555555555555556,0.5,22,1.0,0.0,1.0,1.0,1.0,1.0,0.0,0.0,1.0,0.0,1.0
0.9345794392523364,0.21428571428571425,0.07692307692307693,0.5555555555555556,0.0,25,1.0,0.06666666666666668,1.0,1.0,1.0,1.0,0.0,0.0,1.0,0.0,1.0
0.9359145527369827,0.21428571428571425,0.07692307692307693,0.5555555555555556,0.5,32,1.0,0.06666666666666668,1.0,1.0,1.0,1.0,0.0,1.0,0.0,0.0,1.0
0.938584779706275,0.21428571428571425,0.07692307692307693,0.5555555555555556,0.0,24,1.0,0.06666666666666668,1.0,1.0,1.0,1.0,0.0,0.0,1.0,0.0,1.0
0.9586114819759679,0.3714285714285714,0.23076923076923078,0.7777777777777777,0.0,19,1.0,0.06666666666666668,1.0,1.0,1.0,1.0,0.0,0.0,1.0,1.0,0.0
0.9732977303070761,0.14285714285714285,0.07692307692307693,0.7777777777777777,0.0,23,1.0,0.06666666666666668,1.0,1.0,1.0,0.0,1.0,0.0,1.0,1.0,0.0
0.9759679572763684,0.14285714285714285,0.07692307692307693,0.5555555555555556,0.0,22,1.0,0.06666666666666668,0.0,1.0,1.0,0.0,1.0,0.0,1.0,1.0,0.0
0.9973297730307076,0.14285714285714285,0.07692307692307693,0.7777777777777777,0.0,23,1.0,0.0,0.5,1.0,1.0,0.0,1.0,0.0,1.0,1.0,0.0
0.9973297730307076,0.14285714285714285,0.07692307692307693,0.7777777777777777,0.0,24,1.0,0.0,0.5,1.0,1.0,0.0,1.0,0.0,1.0,1.0,0.0
0.1588785046728972,0.2857142857142857,0.23076923076923078,0.7777777777777777,0.0,21,0.3333333333333333,0.0,0.0,1.0,1.0,0.0,1.0,0.0,1.0,1.0,0.0
0.16421895861148197,0.2857142857142857,0.23076923076923078,0.7777777777777777,0.0,21,0.3333333333333333,0.0,0.0,1.0,1.0,0.0,1.0,0.0,1.0,1.0,0.0
0.17757009345794392,0.3714285714285714,0.23076923076923078,0.8888888888888888,0.0,21,0.0,0.0,1.0,1.0,1.0,1.0,0.0,0.0,1.0,1.0,0.0
0.20427236315086783,0.7428571428571429,0.38461538461538464,1.0,0.0,17,0.3333333333333333,0.0,0.5,0.0,0.0,1.0,0.0,0.0,1.0,1.0,0.0
0.21762349799732977,0.6142857142857143,0.38461538461538464,0.5555555555555556,0.0,19,0.3333333333333333,0.0,1.0,0.0,0.0,1.0,0.0,0.0,1.0,1.0,0.0
0.21762349799732977,0.6142857142857143,0.38461538461538464,0.5555555555555556,0.0,19,0.3333333333333333,1.0,1.0,0.0,0.0,1.0,0.0,0.0,1.0,1.0,0.0
0.21895861148197596,0.6142857142857143,0.38461538461538464,0.5555555555555556,0.0,19,0.3333333333333333,0.0,1.0,0.0,0.0,1.0,0.0,0.0,1.0,1.0,0.0
0.21895861148197596,0.6142857142857143,0.38461538461538464,0.5555555555555556,0.0,19,0.3333333333333333,1.0,1.0,0.0,0.0,1.0,0.0,0.0,1.0,1.0,0.0
0.21895861148197596,0.7428571428571429,0.38461538461538464,1.0,0.0,17,0.3333333333333333,0.0,0.5,0.0,0.0,1.0,0.0,0.0,1.0,1.0,0.0
0.24966622162883845,0.14285714285714285,0.07692307692307693,0.8888888888888888,0.0,22,0.0,0.0,0.5,1.0,1.0,0.0,1.0,0.0,1.0,1.0,0.0
0.24966622162883845,0.3714285714285714,0.23076923076923078,0.8888888888888888,0.0,21,0.0,0.0,1.0,1.0,1.0,1.0,0.0,0.0,1.0,1.0,0.0
0.2683578104138852,0.3714285714285714,0.23076923076923078,0.7777777777777777,0.0,21,0.3333333333333333,0.0,1.0,1.0,1.0,1.0,0.0,0.0,1.0,0.0,1.0
0.2683578104138852,0.6714285714285715,0.38461538461538464,0.7777777777777777,0.0,17,0.3333333333333333,0.0,1.0,0.0,0.0,1.0,0.0,0.0,1.0,0.0,1.0
0.30440587449933243,0.35714285714285715,0.23076923076923078,1.0,0.0,20,0.3333333333333333,0.06666666666666668,1.0,1.0,1.0,0.0,1.0,0.0,1.0,1.0,0.0
0.30707610146862485,0.35714285714285715,0.23076923076923078,1.0,0.0,19,0.3333333333333333,0.06666666666666668,1.0,1.0,1.0,0.0,1.0,0.0,1.0,1.0,0.0
0.30040053404539385,0.35714285714285715,0.23076923076923078,0.5555555555555556,0.0,20,0.0,1.0,1.0,1.0,1.0,1.0,0.0,0.0,1.0,0.0,1.0
0.3030707610146862,0.18571428571428567,0.07692307692307693,0.5555555555555556,0.0,22,0.0,0.06666666666666668,1.0,1.0,1.0,0.0,1.0,0.0,1.0,1.0,0.0
0.3030707610146862,0.35714285714285715,0.23076923076923078,0.5555555555555556,0.0,20,0.0,0.06666666666666668,1.0,1.0,1.0,1.0,0.0,0.0,1.0,0.0,1.0
0.3471295060080107,0.35714285714285715,0.23076923076923078,0.5555555555555556,0.0,19,0.0,0.06666666666666668,1.0,1.0,1.0,1.0,0.0,0.0,1.0,0.0,1.0
0.37783711615487314,0.21428571428571425,0.07692307692307693,0.5555555555555556,0.0,23,0.0,0.0,1.0,1.0,1.0,1.0,0.0,0.0,1.0,1.0,0.0
0.37783711615487314,0.3714285714285714,0.23076923076923078,0.5555555555555556,0.0,21,0.0,0.0,1.0,1.0,1.0,1.0,0.0,0.0,1.0,1.0,0.0
0.3818424566088117,0.6142857142857143,0.38461538461538464,0.5555555555555556,0.0,19,0.3333333333333333,0.0,1.0,0.0,0.0,1.0,0.0,0.0,1.0,1.0,0.0
0.3818424566088117,0.6142857142857143,0.38461538461538464,0.5555555555555556,0.0,19,0.3333333333333333,1.0,1.0,0.0,0.0,1.0,0.0,0.0,1.0,1.0,0.0
0.3818424566088117,0.7428571428571429,0.38461538461538464,1.0,0.0,17,0.3333333333333333,0.0,0.5,0.0,0.0,1.0,0.0,0.0,1.0,1.0,0.0
0.38317757009345793,0.6142857142857143,0.38461538461538464,0.5555555555555556,0.0,19,0.3333333333333333,0.0,1.0,0.0,0.0,1.0,0.0,0.0,1.0,1.0,0.0
0.38317757009345793,0.6142857142857143,0.38461538461538464,0.5555555555555556,0.0,19,0.3333333333333333,1.0,1.0,0.0,0.0,1.0,0.0,0.0,1.0,1.0,0.0
0.38317757009345793,0.7428571428571429,0.38461538461538464,1.0,0.0,17,0.3333333333333333,0.0,0.5,0.0,0.0,1.0,0.0,0.0,1.0,1.0,0.0
0.46328437917222964,0.657142857142857,0.38461538461538464,0.6666666666666665,0.0,16,0.3333333333333333,0.0,0.0,1.0,1.0,1.0,0.0,0.0,1.0,1.0,0.0
0.5113484646194927,0.3714285714285714,0.23076923076923078,0.7777777777777777,0.0,21,0.3333333333333333,0.0,1.0,1.0,1.0,1.0,0.0,0.0,1.0,0.0,1.0
0.6048064085447263,0.38571428571428573,0.23076923076923078,0.5555555555555556,0.0,19,0.0,0.06666666666666668,1.0,1.0,1.0,1.0,0.0,0.0,1.0,0.0,1.0
0.6141522029372497,0.35714285714285715,0.23076923076923078,1.0,0.0,19,0.3333333333333333,0.06666666666666668,1.0,1.0,1.0,0.0,1.0,0.0,1.0,1.0,0.0
0.616822429906542,0.35714285714285715,0.23076923076923078,1.0,0.0,18,0.3333333333333333,0.06666666666666668,1.0,1.0,1.0,0.0,1.0,0.0,1.0,1.0,0.0
0.7249666221628839,0.35714285714285715,0.23076923076923078,0.6666666666666665,0.0,20,0.3333333333333333,0.0,0.5,1.0,1.0,1.0,0.0,0.0,1.0,1.0,0.0
0.781041388518024,0.657142857142857,0.38461538461538464,0.6666666666666665,0.0,16,0.3333333333333333,0.0,1.0,1.0,1.0,1.0,0.0,0.0,1.0,1.0,0.0
0.9038718291054739,0.42857142857142855,0.23076923076923078,0.4444444444444445,0.0,18,0.3333333333333333,0.06666666666666668,1.0,1.0,1.0,1.0,0.0,0.0,1.0,0.0,1.0
0.9399198931909212,0.6714285714285715,0.38461538461538464,0.5555555555555556,0.0,15,0.3333333333333333,0.06666666666666668,1.0,1.0,1.0,1.0,0.0,0.0,1.0,0.0,1.0
1.0,0.14285714285714285,0.07692307692307693,0.7777777777777777,0.0,25,0.0,0.0,0.5,1.0,1.0,0.0,1.0,0.0,1.0,1.0,0.0
0.044058744993324434,0.14285714285714285,0.07692307692307693,0.7777777777777777,0.0,21,1.0,0.06666666666666668,0.0,1.0,1.0,0.0,1.0,0.0,1.0,1.0,0.0
0.044058744993324434,0.2857142857142857,0.23076923076923078,0.7777777777777777,0.0,21,1.0,0.06666666666666668,0.0,1.0,1.0,0.0,1.0,0.0,1.0,1.0,0.0
0.16822429906542055,0.7142857142857142,0.6923076923076923,0.7777777777777777,0.0,15,1.0,0.06666666666666668,0.0,1.0,1.0,0.0,1.0,0.0,1.0,1.0,0.0
0.157543391188251,0.4857142857142857,0.38461538461538464,0.7777777777777777,0.0,16,1.0,0.0,0.0,1.0,1.0,0.0,1.0,0.0,1.0,1.0,0.0
0.1602136181575434,0.2857142857142857,0.23076923076923078,0.7777777777777777,0.0,20,1.0,0.0,0.0,1.0,1.0,0.0,1.0,0.0,1.0,1.0,0.0
0.16154873164218958,0.4857142857142857,0.38461538461538464,0.7777777777777777,0.0,17,1.0,0.0,0.0,1.0,1.0,0.0,1.0,0.0,1.0,1.0,0.0
0.16288384512683576,0.4857142857142857,0.38461538461538464,0.7777777777777777,0.0,16,1.0,0.0,0.0,1.0,1.0,0.0,1.0,0.0,1.0,1.0,0.0
0.16555407209612816,0.2857142857142857,0.23076923076923078,0.7777777777777777,0.0,20,1.0,0.0,0.0,1.0,1.0,0.0,1.0,0.0,1.0,1.0,0.0
0.16688918558077437,0.4857142857142857,0.38461538461538464,0.7777777777777777,0.0,17,1.0,0.0,0.0,1.0,1.0,0.0,1.0,0.0,1.0,1.0,0.0
0.17890520694259013,0.3714285714285714,0.23076923076923078,0.8888888888888888,0.0,20,1.0,0.0,1.0,1.0,1.0,1.0,0.0,0.0,1.0,1.0,0.0
0.205607476635514,0.7428571428571429,0.38461538461538464,1.0,0.0,17,0.6666666666666666,0.0,0.5,0.0,0.0,1.0,0.0,0.0,1.0,1.0,0.0
0.24032042723631508,0.6142857142857143,0.38461538461538464,0.5555555555555556,0.0,18,0.6666666666666666,1.0,1.0,0.0,0.0,1.0,0.0,0.0,1.0,1.0,0.0
0.24032042723631508,0.6142857142857143,0.38461538461538464,0.5555555555555556,0.0,18,0.6666666666666666,0.0,1.0,0.0,0.0,1.0,0.0,0.0,1.0,1.0,0.0
0.24165554072096126,0.6142857142857143,0.38461538461538464,0.5555555555555556,0.0,18,0.6666666666666666,0.0,1.0,0.0,0.0,1.0,0.0,0.0,1.0,1.0,0.0
0.24165554072096126,0.6142857142857143,0.38461538461538464,0.5555555555555556,0.0,18,0.6666666666666666,1.0,1.0,0.0,0.0,1.0,0.0,0.0,1.0,1.0,0.0
0.24165554072096126,0.7428571428571429,0.38461538461538464,1.0,0.0,17,0.6666666666666666,0.0,0.5,0.0,0.0,1.0,0.0,0.0,1.0,1.0,0.0
0.25100133511348466,0.3714285714285714,0.23076923076923078,0.8888888888888888,0.0,20,1.0,0.0,1.0,1.0,1.0,1.0,0.0,0.0,1.0,1.0,0.0
0.26702269692923897,0.3714285714285714,0.23076923076923078,0.7777777777777777,0.0,21,1.0,0.0,1.0,1.0,1.0,1.0,0.0,0.0,1.0,0.0,1.0
0.26702269692923897,0.6714285714285715,0.38461538461538464,0.7777777777777777,0.0,17,1.0,0.0,1.0,0.0,0.0,1.0,0.0,0.0,1.0,0.0,1.0
0.2696929238985314,0.7714285714285714,0.38461538461538464,0.7777777777777777,0.0,15,1.0,0.0,0.0,0.0,0.0,1.0,0.0,0.0,1.0,0.0,1.0
0.30574098798397864,0.35714285714285715,0.23076923076923078,1.0,0.0,19,0.6666666666666666,0.06666666666666668,1.0,1.0,1.0,0.0,1.0,0.0,1.0,1.0,0.0
0.308411214953271,0.35714285714285715,0.23076923076923078,1.0,0.0,18,0.6666666666666666,0.06666666666666668,1.0,1.0,1.0,0.0,1.0,0.0,1.0,1.0,0.0
0.29906542056074764,0.18571428571428567,0.07692307692307693,0.5555555555555556,0.0,21,1.0,0.06666666666666668,1.0,1.0,1.0,0.0,1.0,0.0,1.0,1.0,0.0
0.29906542056074764,0.35714285714285715,0.23076923076923078,0.5555555555555556,0.0,18,1.0,0.06666666666666668,1.0,1.0,1.0,0.0,1.0,0.0,1.0,1.0,0.0
0.29906542056074764,0.35714285714285715,0.23076923076923078,0.5555555555555556,0.0,19,1.0,0.06666666666666668,1.0,1.0,1.0,1.0,0.0,0.0,1.0,0.0,1.0
0.30173564753004006,0.35714285714285715,0.23076923076923078,0.5555555555555556,0.0,18,1.0,1.0,1.0,1.0,1.0,1.0,0.0,0.0,1.0,0.0,1.0
0.3351134846461949,0.35714285714285715,0.23076923076923078,0.5555555555555556,0.0,17,1.0,0.06666666666666668,1.0,1.0,1.0,0.0,1.0,0.0,1.0,1.0,0.0
0.3351134846461949,0.35714285714285715,0.23076923076923078,0.5555555555555556,0.0,18,1.0,0.06666666666666668,1.0,1.0,1.0,1.0,0.0,0.0,1.0,0.0,1.0
0.37650200267022693,0.21428571428571425,0.07692307692307693,0.5555555555555556,0.0,23,1.0,0.0,1.0,1.0,1.0,1.0,0.0,0.0,1.0,1.0,0.0
0.37650200267022693,0.3714285714285714,0.23076923076923078,0.5555555555555556,0.0,20,1.0,0.0,1.0,1.0,1.0,1.0,0.0,0.0,1.0,1.0,0.0
0.3911882510013351,0.6142857142857143,0.38461538461538464,0.5555555555555556,0.0,18,0.6666666666666666,0.0,1.0,0.0,0.0,1.0,0.0,0.0,1.0,1.0,0.0
0.3911882510013351,0.6142857142857143,0.38461538461538464,0.5555555555555556,0.0,18,0.6666666666666666,1.0,1.0,0.0,0.0,1.0,0.0,0.0,1.0,1.0,0.0
0.3911882510013351,0.7428571428571429,0.38461538461538464,1.0,0.0,17,0.6666666666666666,0.0,0.5,0.0,0.0,1.0,0.0,0.0,1.0,1.0,0.0
0.3925233644859813,0.6142857142857143,0.38461538461538464,0.5555555555555556,0.0,18,0.6666666666666666,1.0,1.0,0.0,0.0,1.0,0.0,0.0,1.0,1.0,0.0
0.3925233644859813,0.6142857142857143,0.38461538461538464,0.5555555555555556,0.0,18,0.6666666666666666,0.0,1.0,0.0,0.0,1.0,0.0,0.0,1.0,1.0,0.0
0.3925233644859813,0.7428571428571429,0.38461538461538464,1.0,0.0,16,0.6666666666666666,0.0,0.5,0.0,0.0,1.0,0.0,0.0,1.0,1.0,0.0
0.4646194926568758,0.657142857142857,0.38461538461538464,0.6666666666666665,0.0,15,0.6666666666666666,0.0,0.0,1.0,1.0,1.0,0.0,0.0,1.0,1.0,0.0
0.5126835781041388,0.3714285714285714,0.23076923076923078,0.7777777777777777,0.0,21,1.0,0.0,1.0,1.0,1.0,1.0,0.0,0.0,1.0,0.0,1.0
0.5126835781041388,0.6714285714285715,0.38461538461538464,0.7777777777777777,0.0,17,1.0,0.0,1.0,0.0,0.0,1.0,0.0,0.0,1.0,0.0,1.0
0.514018691588785,0.7714285714285714,0.38461538461538464,0.7777777777777777,0.0,15,1.0,0.0,0.0,0.0,0.0,1.0,0.0,0.0,1.0,0.0,1.0
0.5153538050734312,0.7428571428571429,0.38461538461538464,0.7777777777777777,0.0,13,1.0,0.0,0.0,0.0,0.0,0.0,1.0,0.0,1.0,0.0,1.0
0.5674232309746329,0.5142857142857142,0.38461538461538464,0.5555555555555556,0.0,16,0.6666666666666666,0.06666666666666668,0.5,1.0,1.0,1.0,0.0,0.0,1.0,0.0,1.0
0.5767690253671562,0.6714285714285715,0.38461538461538464,0.7777777777777777,0.0,15,0.6666666666666666,0.06666666666666668,0.5,1.0,1.0,1.0,0.0,0.0,1.0,0.0,1.0
0.6034712950600801,0.35714285714285715,0.23076923076923078,0.5555555555555556,0.0,17,1.0,0.06666666666666668,1.0,1.0,1.0,0.0,1.0,0.0,1.0,1.0,0.0
0.6154873164218958,0.35714285714285715,0.23076923076923078,1.0,0.0,18,0.6666666666666666,0.06666666666666668,1.0,1.0,1.0,0.0,1.0,0.0,1.0,1.0,0.0
0.6248331108144192,0.2857142857142857,0.38461538461538464,0.7777777777777777,0.0,16,1.0,0.0,0.5,1.0,1.0,0.0,1.0,0.0,1.0,1.0,0.0
0.6261682242990654,0.2857142857142857,0.38461538461538464,0.7777777777777777,0.0,16,1.0,0.0,0.5,1.0,1.0,0.0,1.0,0.0,1.0,1.0,0.0
0.6635514018691588,0.6428571428571428,0.38461538461538464,0.6666666666666665,0.0,13,0.6666666666666666,0.0,0.5,1.0,1.0,0.0,1.0,0.0,1.0,1.0,0.0
0.664886515353805,0.7142857142857142,0.6923076923076923,0.6666666666666665,0.0,12,0.6666666666666666,0.0,0.5,1.0,0.0,0.0,1.0,0.0,1.0,0.0,1.0
0.6702269692923898,0.2857142857142857,0.23076923076923078,0.8888888888888888,0.0,19,0.6666666666666666,0.0,0.5,1.0,1.0,0.0,1.0,0.0,1.0,1.0,0.0
0.671562082777036,0.2857142857142857,0.23076923076923078,0.8888888888888888,0.0,19,0.6666666666666666,0.0,0.5,1.0,1.0,0.0,1.0,0.0,1.0,1.0,0.0
0.6728971962616822,0.6428571428571428,0.38461538461538464,0.6666666666666665,0.0,15,0.6666666666666666,0.0,0.5,1.0,1.0,0.0,1.0,0.0,1.0,1.0,0.0
0.6742323097463284,0.6428571428571428,0.38461538461538464,0.6666666666666665,0.0,15,0.6666666666666666,0.0,0.5,1.0,1.0,0.0,1.0,0.0,1.0,1.0,0.0
0.6755674232309746,0.6428571428571428,0.38461538461538464,0.6666666666666665,0.0,15,0.6666666666666666,0.0,0.5,1.0,1.0,0.0,1.0,0.0,1.0,1.0,0.0
0.6769025367156208,0.6428571428571428,0.38461538461538464,0.6666666666666665,0.0,15,0.6666666666666666,0.0,0.5,1.0,1.0,0.0,1.0,0.0,1.0,1.0,0.0
0.7169559412550066,0.42857142857142855,0.38461538461538464,0.6666666666666665,0.0,13,0.6666666666666666,0.0,0.5,1.0,1.0,0.0,1.0,0.0,1.0,1.0,0.0
0.72630173564753,0.35714285714285715,0.23076923076923078,0.6666666666666665,0.0,19,0.6666666666666666,1.0,0.5,1.0,1.0,1.0,0.0,0.0,1.0,1.0,0.0
0.72630173564753,0.35714285714285715,0.23076923076923078,0.6666666666666665,0.0,19,0.6666666666666666,0.0,0.5,1.0,1.0,1.0,0.0,0.0,1.0,1.0,0.0
0.7276368491321762,0.2857142857142857,0.23076923076923078,0.8888888888888888,0.0,19,0.6666666666666666,0.0,0.5,1.0,1.0,0.0,1.0,0.0,1.0,1.0,0.0
0.7289719626168224,0.5285714285714285,0.38461538461538464,0.8888888888888888,0.0,16,0.6666666666666666,0.0,0.5,1.0,1.0,0.0,1.0,0.0,1.0,1.0,0.0
0.7823765020026702,0.657142857142857,0.38461538461538464,0.6666666666666665,0.0,15,0.6666666666666666,0.0,1.0,1.0,1.0,1.0,0.0,0.0,1.0,1.0,0.0
0.8491321762349799,0.3714285714285714,0.23076923076923078,0.7777777777777777,0.0,20,1.0,0.0,0.0,1.0,1.0,1.0,0.0,0.0,1.0,1.0,0.0
0.8504672897196262,0.3714285714285714,0.23076923076923078,0.7777777777777777,0.0,19,1.0,0.0,0.5,1.0,1.0,0.0,1.0,0.0,1.0,1.0,0.0
0.8518024032042724,0.3714285714285714,0.23076923076923078,0.7777777777777777,0.0,19,1.0,0.0,0.0,1.0,1.0,1.0,0.0,0.0,1.0,1.0,0.0
0.8531375166889186,0.3714285714285714,0.23076923076923078,0.7777777777777777,0.0,20,1.0,0.0,0.5,1.0,1.0,0.0,1.0,0.0,1.0,1.0,0.0
0.8544726301735648,0.5428571428571427,0.38461538461538464,0.7777777777777777,0.0,17,1.0,0.0,0.5,1.0,1.0,0.0,1.0,0.0,1.0,1.0,0.0
0.8558077436582109,0.5428571428571427,0.38461538461538464,0.7777777777777777,0.0,17,1.0,0.0,0.5,1.0,1.0,0.0,1.0,0.0,1.0,1.0,0.0
0.9052069425901201,0.42857142857142855,0.23076923076923078,0.4444444444444445,0.0,18,0.6666666666666666,0.06666666666666668,1.0,1.0,1.0,1.0,0.0,0.0,1.0,0.0,1.0
0.9052069425901201,0.42857142857142855,0.23076923076923078,0.4444444444444445,0.0,18,1.0,0.06666666666666668,1.0,1.0,1.0,1.0,0.0,0.0,1.0,0.0,1.0
0.9238985313751669,0.35714285714285715,0.23076923076923078,0.7777777777777777,0.0,22,1.0,0.06666666666666668,1.0,1.0,1.0,1.0,0.0,0.0,1.0,1.0,0.0
0.9238985313751669,0.35714285714285715,0.23076923076923078,0.7777777777777777,0.0,22,1.0,0.06666666666666668,1.0,1.0,1.0,1.0,0.0,0.0,1.0,1.0,0.0
0.9252336448598131,0.35714285714285715,0.23076923076923078,0.7777777777777777,0.0,23,1.0,0.06666666666666668,1.0,1.0,1.0,1.0,0.0,0.0,1.0,1.0,0.0
0.9279038718291055,0.6714285714285715,0.38461538461538464,0.7777777777777777,0.0,15,0.6666666666666666,0.06666666666666668,1.0,1.0,1.0,1.0,0.0,0.0,1.0,0.0,1.0
0.9412550066755674,0.6714285714285715,0.38461538461538464,0.5555555555555556,0.0,14,0.6666666666666666,0.06666666666666668,1.0,1.0,1.0,1.0,0.0,0.0,1.0,0.0,1.0
0.9425901201602136,0.6714285714285715,0.38461538461538464,0.5555555555555556,0.0,14,0.6666666666666666,1.0,1.0,1.0,1.0,1.0,0.0,0.0,1.0,0.0,1.0
0.9986648865153538,0.14285714285714285,0.07692307692307693,0.7777777777777777,0.0,24,1.0,0.0,0.5,1.0,1.0,0.0,1.0,0.0,1.0,1.0,0.0
0.9986648865153538,0.14285714285714285,0.07692307692307693,0.7777777777777777,0.0,23,1.0,0.0,0.5,1.0,1.0,0.0,1.0,0.0,1.0,1.0,0.0
